sku_number,sku_description,department,promotion_name,decision_triage_class,buyer_review_priority_score,triage_priority_score_v2,economic_priority_rank,economic_net_value_score,review_roi_score,review_roi_label,expected_gp_capture_value,missed_sales_avoidance_value,overstock_cash_release_value,brain_action_label,final_governed_action_label,priority_rank_change,priority_rank_change_reason
91441,0.0,HAIRCARE,unknown,STANDARD_BUY_REVIEW,0.0,47.1,1,487.509,30.469,HIGH,3.16,500.0,0.0,CONTROLLED_BUY,CONTROLLED_BUY,4798,economic_roi_major_uplift
91438,0.0,HAIRCARE,unknown,STANDARD_BUY_REVIEW,10.8,39.9,2,339.497,21.219,HIGH,0.0,344.769,0.0,CONTROLLED_BUY,CONTROLLED_BUY,1916,economic_roi_major_uplift
94902,0.0,SKINCARE,unknown,STANDARD_RUN_DOWN_REVIEW,18.6,38.4,3,214.792,13.424,MEDIUM,261.471,0.0,1.893,NO_BUY_RUN_DOWN,NO_BUY_RUN_DOWN,875,economic_roi_major_uplift
93339,0.0,SKINCARE,unknown,STANDARD_BUY_REVIEW,26.9,38.3,4,262.046,16.378,HIGH,21.812,317.138,0.0,CONTROLLED_BUY,CONTROLLED_BUY,227,economic_roi_major_uplift
94903,0.0,SKINCARE,unknown,STANDARD_BUY_REVIEW,15.9,37.5,5,253.28,15.83,HIGH,55.782,151.176,0.0,TOP_UP_TO_OPTIMAL,TOP_UP_TO_OPTIMAL,1185,economic_roi_major_uplift
87550,0.0,SUNCARE,unknown,STANDARD_RUN_DOWN_REVIEW,25.2,37.1,6,174.195,10.887,MEDIUM,218.293,0.0,1.033,NO_BUY_RUN_DOWN,NO_BUY_RUN_DOWN,308,economic_roi_major_uplift
94902,0.0,SKINCARE,unknown,HIGH_PRIORITY_BUY_REVIEW,19.1,35.1,7,186.055,7.752,MEDIUM,294.206,0.0,5.016,AGGRESSIVE_BUY,AGGRESSIVE_BUY,832,economic_roi_major_uplift
91439,0.0,HAIRCARE,unknown,STANDARD_BUY_REVIEW,13.8,34.3,8,234.655,14.666,MEDIUM,0.0,243.715,0.0,CONTROLLED_BUY,CONTROLLED_BUY,1455,economic_roi_major_uplift
199848,0.0,SKINCARE,unknown,HIGH_PRIORITY_BUY_REVIEW,43.0,33.5,9,67.697,2.821,LOW,27.831,71.76,0.0,TOP_UP_TO_OPTIMAL,TOP_UP_TO_OPTIMAL,-8,not_in_review_queue
65589,0.0,SKINCARE,unknown,HIGH_PRIORITY_BUY_REVIEW,37.3,33.1,10,76.203,3.175,LOW,116.799,0.0,0.0,TOP_UP_TO_OPTIMAL,TOP_UP_TO_OPTIMAL,4,not_in_review_queue
186282,0.0,SKINCARE,unknown,STANDARD_BUY_REVIEW,21.0,32.3,11,151.237,9.452,MEDIUM,19.335,108.245,0.0,TOP_UP_TO_OPTIMAL,TOP_UP_TO_OPTIMAL,593,economic_roi_major_uplift
65586,0.0,SKINCARE,unknown,HIGH_PRIORITY_BUY_REVIEW,39.5,31.6,12,45.015,1.876,LOW,90.989,0.0,1.751,TOP_UP_TO_OPTIMAL,TOP_UP_TO_OPTIMAL,-5,not_in_review_queue
65610,0.0,SKINCARE,unknown,HIGH_PRIORITY_BUY_REVIEW,39.8,31.4,13,40.246,1.677,LOW,82.499,0.0,1.205,TOP_UP_TO_OPTIMAL,TOP_UP_TO_OPTIMAL,-9,not_in_review_queue
90543,0.0,SKINCARE,unknown,HIGH_PRIORITY_BUY_REVIEW,39.8,31.1,14,35.714,1.488,LOW,78.676,0.0,1.118,TOP_UP_TO_OPTIMAL,TOP_UP_TO_OPTIMAL,-11,economic_value_downgrade
65559,0.0,SKINCARE,unknown,HIGH_PRIORITY_BUY_REVIEW,35.0,31.0,15,45.392,1.891,LOW,81.495,0.0,0.0,TOP_UP_TO_OPTIMAL,TOP_UP_TO_OPTIMAL,4,not_in_review_queue
606650,0.0,VITAMIN SUPPLEMENT,unknown,STANDARD_BUY_REVIEW,29.5,30.7,16,53.185,3.324,LOW,20.205,0.0,0.0,TOP_UP_TO_OPTIMAL,TOP_UP_TO_OPTIMAL,135,economic_roi_major_uplift
93339,0.0,SKINCARE,unknown,HIGH_PRIORITY_BUY_REVIEW,29.9,30.7,17,53.927,2.247,LOW,127.012,0.0,2.083,TOP_UP_TO_OPTIMAL,TOP_UP_TO_OPTIMAL,118,economic_roi_major_uplift
94668,0.0,SKINCARE,unknown,HIGH_PRIORITY_BUY_REVIEW,39.8,30.7,18,27.461,1.144,LOW,67.766,0.0,1.162,TOP_UP_TO_OPTIMAL,TOP_UP_TO_OPTIMAL,-13,economic_value_downgrade
91438,0.0,HAIRCARE,unknown,STANDARD_RUN_DOWN_REVIEW,23.8,30.4,19,62.488,3.906,LOW,109.684,0.0,2.065,NO_BUY_RUN_DOWN,NO_BUY_RUN_DOWN,353,economic_roi_major_uplift
91442,0.0,HAIRCARE,unknown,STANDARD_BUY_REVIEW,11.2,30.2,20,172.227,10.764,MEDIUM,0.0,179.579,0.0,TOP_UP_TO_OPTIMAL,TOP_UP_TO_OPTIMAL,1825,economic_roi_major_uplift
70978,0.0,SKINCARE,unknown,HIGH_PRIORITY_BUY_REVIEW,39.7,30.2,21,19.8,0.825,VERY_LOW,61.153,0.0,0.981,TOP_UP_TO_OPTIMAL,TOP_UP_TO_OPTIMAL,-15,economic_value_downgrade
40357,0.0,SKINCARE,unknown,HIGH_PRIORITY_BUY_REVIEW,39.2,30.2,22,21.088,0.879,VERY_LOW,60.993,0.0,1.087,TOP_UP_TO_OPTIMAL,TOP_UP_TO_OPTIMAL,-13,economic_value_downgrade
65560,0.0,SKINCARE,unknown,HIGH_PRIORITY_BUY_REVIEW,37.5,29.9,23,19.973,0.832,VERY_LOW,56.944,0.0,1.205,TOP_UP_TO_OPTIMAL,TOP_UP_TO_OPTIMAL,-10,economic_value_downgrade
42784,0.0,SKINCARE,unknown,HIGH_PRIORITY_BUY_REVIEW,31.1,29.6,24,41.66,1.736,LOW,26.387,73.551,0.0,TOP_UP_TO_OPTIMAL,TOP_UP_TO_OPTIMAL,63,economic_roi_major_uplift
11494,0.0,ORAL HEALTH,unknown,STANDARD_BUY_REVIEW,16.4,29.6,25,93.497,5.844,MEDIUM,72.087,0.0,2.297,CONTROLLED_BUY,CONTROLLED_BUY,1108,economic_roi_major_uplift
61549,0.0,SKINCARE,unknown,HIGH_PRIORITY_BUY_REVIEW,40.2,29.6,26,7.488,0.312,VERY_LOW,37.873,0.0,0.0,TOP_UP_TO_OPTIMAL,TOP_UP_TO_OPTIMAL,-24,economic_value_downgrade
87418,0.0,SKINCARE,unknown,HIGH_PRIORITY_BUY_REVIEW,24.9,29.5,27,53.146,2.214,LOW,126.705,0.0,0.0,AGGRESSIVE_BUY,AGGRESSIVE_BUY,297,economic_roi_major_uplift
199901,0.0,SKINCARE,unknown,HIGH_PRIORITY_BUY_REVIEW,36.8,29.5,28,13.81,0.575,VERY_LOW,50.36,0.0,1.205,TOP_UP_TO_OPTIMAL,TOP_UP_TO_OPTIMAL,-12,economic_value_downgrade
94669,0.0,SKINCARE,unknown,HIGH_PRIORITY_BUY_REVIEW,38.0,29.4,29,9.74,0.406,VERY_LOW,48.937,0.0,0.938,TOP_UP_TO_OPTIMAL,TOP_UP_TO_OPTIMAL,-18,economic_value_downgrade
87753,0.0,SKINCARE,unknown,STANDARD_BUY_REVIEW,21.2,29.4,30,89.728,5.608,MEDIUM,66.693,0.0,0.0,CONTROLLED_BUY,CONTROLLED_BUY,554,economic_roi_major_uplift
188990,0.0,SKINCARE,unknown,HIGH_PRIORITY_BUY_REVIEW,37.7,29.1,31,4.952,0.206,VERY_LOW,33.913,0.0,0.0,TOP_UP_TO_OPTIMAL,TOP_UP_TO_OPTIMAL,-19,economic_value_downgrade
61549,0.0,SKINCARE,unknown,HIGH_PRIORITY_BUY_REVIEW,37.1,29.1,32,6.3,0.262,VERY_LOW,40.3,0.0,1.205,TOP_UP_TO_OPTIMAL,TOP_UP_TO_OPTIMAL,-17,economic_value_downgrade
90892,0.0,SKINCARE,unknown,HIGH_PRIORITY_BUY_REVIEW,24.9,28.9,33,69.004,2.875,LOW,33.246,0.0,0.174,TOP_UP_TO_OPTIMAL,TOP_UP_TO_OPTIMAL,293,economic_roi_major_uplift
195049,0.0,SKINCARE,unknown,HIGH_PRIORITY_BUY_REVIEW,38.3,28.8,34,-1.157,-0.048,VERY_LOW,27.685,0.0,0.0,TOP_UP_TO_OPTIMAL,TOP_UP_TO_OPTIMAL,-24,economic_value_downgrade
195087,0.0,SKINCARE,unknown,HIGH_PRIORITY_BUY_REVIEW,39.3,28.8,35,-4.541,-0.189,VERY_LOW,24.135,0.0,0.0,TOP_UP_TO_OPTIMAL,TOP_UP_TO_OPTIMAL,-27,economic_value_downgrade
194018,0.0,SKINCARE,unknown,STANDARD_BUY_REVIEW,14.2,28.6,36,142.085,8.88,MEDIUM,13.319,49.158,0.0,TOP_UP_TO_OPTIMAL,TOP_UP_TO_OPTIMAL,1386,economic_roi_major_uplift
349332,0.0,VITAMIN SUPPLEMENT,unknown,HIGH_PRIORITY_BUY_REVIEW,28.7,28.6,37,22.746,0.948,VERY_LOW,12.822,60.152,0.0,TOP_UP_TO_OPTIMAL,TOP_UP_TO_OPTIMAL,133,economic_roi_major_uplift
87637,0.0,SKINCARE,unknown,HIGH_PRIORITY_BUY_REVIEW,36.1,28.4,38,-3.228,-0.134,VERY_LOW,13.972,9.38,0.0,TOP_UP_TO_OPTIMAL,TOP_UP_TO_OPTIMAL,-21,economic_value_downgrade
94922,0.0,ORAL HEALTH,unknown,HIGH_PRIORITY_BUY_REVIEW,27.9,28.2,39,41.797,1.742,LOW,98.78,0.0,1.657,TOP_UP_TO_OPTIMAL,TOP_UP_TO_OPTIMAL,162,economic_roi_major_uplift
69751,0.0,SKINCARE,unknown,HIGH_PRIORITY_BUY_REVIEW,31.3,28.2,40,43.75,1.823,LOW,16.99,0.0,0.0,TOP_UP_TO_OPTIMAL,TOP_UP_TO_OPTIMAL,38,economic_value_uplift
195081,0.0,SKINCARE,unknown,HIGH_PRIORITY_BUY_REVIEW,34.9,28.1,41,-1.447,-0.06,VERY_LOW,28.192,0.0,0.0,TOP_UP_TO_OPTIMAL,TOP_UP_TO_OPTIMAL,-19,economic_value_downgrade
194049,0.0,SKINCARE,unknown,HIGH_PRIORITY_BUY_REVIEW,34.1,27.9,42,-6.766,-0.282,VERY_LOW,27.757,0.0,0.91,TOP_UP_TO_OPTIMAL,TOP_UP_TO_OPTIMAL,-18,economic_value_downgrade
87747,0.0,SKINCARE,unknown,HIGH_PRIORITY_BUY_REVIEW,35.0,27.9,43,-8.262,-0.344,VERY_LOW,19.19,0.0,0.0,TOP_UP_TO_OPTIMAL,TOP_UP_TO_OPTIMAL,-22,economic_value_downgrade
196550,0.0,SKINCARE,unknown,HIGH_PRIORITY_BUY_REVIEW,33.6,27.8,44,-6.326,-0.264,VERY_LOW,24.651,0.0,1.205,TOP_UP_TO_OPTIMAL,TOP_UP_TO_OPTIMAL,-18,economic_value_downgrade
60548,0.0,SKINCARE,unknown,HIGH_PRIORITY_BUY_REVIEW,35.5,27.8,45,-11.202,-0.467,VERY_LOW,15.916,0.0,0.0,TOP_UP_TO_OPTIMAL,TOP_UP_TO_OPTIMAL,-27,economic_value_downgrade
90795,0.0,SKINCARE,unknown,HIGH_PRIORITY_BUY_REVIEW,33.6,27.7,46,-8.883,-0.37,VERY_LOW,25.013,0.0,0.907,TOP_UP_TO_OPTIMAL,TOP_UP_TO_OPTIMAL,-18,economic_value_downgrade
65843,0.0,SKINCARE,unknown,HIGH_PRIORITY_BUY_REVIEW,31.5,27.7,47,-3.756,-0.156,VERY_LOW,25.453,0.0,0.0,TOP_UP_TO_OPTIMAL,TOP_UP_TO_OPTIMAL,24,economic_value_uplift
92434,0.0,SUNCARE,unknown,HIGH_PRIORITY_BUY_REVIEW,35.0,27.7,48,-12.031,-0.501,VERY_LOW,3.806,0.0,0.0,TOP_UP_TO_OPTIMAL,TOP_UP_TO_OPTIMAL,-28,economic_value_downgrade
198462,0.0,SKINCARE,unknown,HIGH_PRIORITY_BUY_REVIEW,33.3,27.7,49,-7.462,-0.311,VERY_LOW,25.725,0.0,1.033,TOP_UP_TO_OPTIMAL,TOP_UP_TO_OPTIMAL,-18,economic_value_downgrade
69749,0.0,SKINCARE,unknown,HIGH_PRIORITY_BUY_REVIEW,33.3,27.6,50,-9.338,-0.389,VERY_LOW,24.149,0.0,0.935,TOP_UP_TO_OPTIMAL,TOP_UP_TO_OPTIMAL,-20,economic_value_downgrade
65837,0.0,SKINCARE,unknown,HIGH_PRIORITY_BUY_REVIEW,32.8,27.5,51,-9.299,-0.387,VERY_LOW,23.155,0.0,1.068,TOP_UP_TO_OPTIMAL,TOP_UP_TO_OPTIMAL,-10,economic_value_downgrade
188990,0.0,SKINCARE,unknown,HIGH_PRIORITY_BUY_REVIEW,32.8,27.4,52,-12.426,-0.518,VERY_LOW,20.077,0.0,0.878,TOP_UP_TO_OPTIMAL,TOP_UP_TO_OPTIMAL,-13,economic_value_downgrade
199069,0.0,COLOUR COSMETICS,unknown,HIGH_PRIORITY_BUY_REVIEW,33.0,27.4,53,-11.667,-0.486,VERY_LOW,5.683,8.16,0.0,TOP_UP_TO_OPTIMAL,TOP_UP_TO_OPTIMAL,-19,economic_value_downgrade
65607,0.0,SKINCARE,unknown,HIGH_PRIORITY_BUY_REVIEW,32.9,27.4,54,-11.361,-0.473,VERY_LOW,21.729,0.0,0.91,TOP_UP_TO_OPTIMAL,TOP_UP_TO_OPTIMAL,-16,economic_value_downgrade
199865,0.0,SKINCARE,unknown,HIGH_PRIORITY_BUY_REVIEW,31.7,27.4,55,-6.701,-0.279,VERY_LOW,22.975,0.0,0.0,AGGRESSIVE_BUY,AGGRESSIVE_BUY,9,not_in_review_queue
27193,0.0,SUNCARE,unknown,STANDARD_BUY_REVIEW,12.7,27.4,56,115.644,7.228,MEDIUM,2.591,158.197,0.0,CONTROLLED_BUY,HOLD_FOR_REPLENISHMENT,1534,economic_roi_major_uplift
94496,0.0,SKINCARE,unknown,HIGH_PRIORITY_BUY_REVIEW,32.4,27.4,57,-10.022,-0.418,VERY_LOW,21.682,0.0,1.162,TOP_UP_TO_OPTIMAL,TOP_UP_TO_OPTIMAL,-9,not_in_review_queue
94217,0.0,SKINCARE,unknown,HIGH_PRIORITY_BUY_REVIEW,33.2,27.4,58,-12.638,-0.527,VERY_LOW,6.465,6.36,0.0,TOP_UP_TO_OPTIMAL,TOP_UP_TO_OPTIMAL,-26,economic_value_downgrade
72014,0.0,SKINCARE,unknown,HIGH_PRIORITY_BUY_REVIEW,29.7,27.3,59,-3.463,-0.144,VERY_LOW,31.244,0.0,1.056,AGGRESSIVE_BUY,AGGRESSIVE_BUY,79,economic_roi_major_uplift
483788,0.0,SKINCARE,unknown,HIGH_PRIORITY_BUY_REVIEW,33.0,27.3,60,-7.454,-0.311,VERY_LOW,20.747,0.0,0.0,TOP_UP_TO_OPTIMAL,TOP_UP_TO_OPTIMAL,-25,economic_value_downgrade
90153,0.0,COLOUR COSMETICS,unknown,HIGH_PRIORITY_BUY_REVIEW,32.2,27.3,61,-6.235,-0.26,VERY_LOW,4.652,14.923,0.0,TOP_UP_TO_OPTIMAL,TOP_UP_TO_OPTIMAL,-8,not_in_review_queue
190073,0.0,BEAUTY ACCESSORIES,unknown,STANDARD_RUN_DOWN_REVIEW,29.0,27.3,62,-3.46,-0.216,VERY_LOW,16.168,0.0,1.192,NO_BUY_RUN_DOWN,NO_BUY_RUN_DOWN,103,economic_roi_major_uplift
192118,0.0,SKINCARE,unknown,HIGH_PRIORITY_BUY_REVIEW,32.5,27.3,63,-13.331,-0.555,VERY_LOW,13.113,0.0,0.0,TOP_UP_TO_OPTIMAL,TOP_UP_TO_OPTIMAL,-18,economic_value_downgrade
199841,0.0,SKINCARE,unknown,STANDARD_BUY_REVIEW,17.9,27.2,64,108.653,6.791,MEDIUM,6.102,124.805,0.0,CONTROLLED_BUY,CONTROLLED_BUY,880,economic_roi_major_uplift
400734,0.0,SKINCARE,unknown,STANDARD_RUN_DOWN_REVIEW,31.0,27.2,65,-10.468,-0.654,VERY_LOW,8.63,0.0,1.033,NO_BUY_RUN_DOWN,NO_BUY_RUN_DOWN,28,economic_value_uplift
198293,0.0,SKINCARE,unknown,HIGH_PRIORITY_BUY_REVIEW,32.7,27.2,66,-15.365,-0.64,VERY_LOW,10.406,0.0,0.0,TOP_UP_TO_OPTIMAL,TOP_UP_TO_OPTIMAL,-24,economic_value_downgrade
92848,0.0,SKINCARE,unknown,STANDARD_BUY_REVIEW,13.7,27.2,67,113.879,7.117,MEDIUM,0.0,145.732,0.0,CONTROLLED_BUY,CONTROLLED_BUY,1417,economic_roi_major_uplift
102088,0.0,COLOUR COSMETICS,unknown,HIGH_PRIORITY_BUY_REVIEW,32.1,27.1,68,-15.199,-0.633,VERY_LOW,10.885,0.0,0.0,TOP_UP_TO_OPTIMAL,TOP_UP_TO_OPTIMAL,-11,economic_value_downgrade
198293,0.0,SKINCARE,unknown,HIGH_PRIORITY_BUY_REVIEW,32.6,27.1,69,-16.265,-0.678,VERY_LOW,9.51,0.0,0.0,TOP_UP_TO_OPTIMAL,TOP_UP_TO_OPTIMAL,-26,economic_value_downgrade
198651,0.0,SUNCARE,unknown,HIGH_PRIORITY_BUY_REVIEW,33.4,27.1,70,-6.582,-0.274,VERY_LOW,21.565,0.0,1.205,TOP_UP_TO_OPTIMAL,TOP_UP_TO_OPTIMAL,-41,economic_value_downgrade
68445,0.0,SKINCARE,unknown,HIGH_PRIORITY_BUY_REVIEW,16.1,27.1,71,53.05,2.21,LOW,45.174,0.0,2.515,TOP_UP_TO_OPTIMAL,TOP_UP_TO_OPTIMAL,1098,economic_roi_major_uplift
41547,0.0,ORAL HEALTH,unknown,HIGH_PRIORITY_BUY_REVIEW,32.2,27.1,72,-3.898,-0.162,VERY_LOW,24.091,0.0,1.205,TOP_UP_TO_OPTIMAL,TOP_UP_TO_OPTIMAL,-17,economic_value_downgrade
50382,0.0,SKINCARE,unknown,HIGH_PRIORITY_BUY_REVIEW,29.9,27.0,73,-8.794,-0.366,VERY_LOW,20.615,0.0,0.129,AGGRESSIVE_BUY,AGGRESSIVE_BUY,61,economic_roi_major_uplift
92331,0.0,SKINCARE,unknown,STANDARD_BUY_REVIEW,16.6,27.0,74,137.719,8.607,MEDIUM,38.089,0.0,0.0,TOP_UP_TO_OPTIMAL,TOP_UP_TO_OPTIMAL,1019,economic_roi_major_uplift
4759,0.0,FRAGRANCE,unknown,HIGH_PRIORITY_BUY_REVIEW,21.3,27.0,75,48.105,2.004,LOW,19.048,86.827,0.0,TOP_UP_TO_OPTIMAL,TOP_UP_TO_OPTIMAL,492,economic_roi_major_uplift
49817,0.0,BATH TOILETRIES,unknown,HIGH_PRIORITY_BUY_REVIEW,33.1,27.0,76,-7.902,-0.329,VERY_LOW,16.448,0.0,0.0,TOP_UP_TO_OPTIMAL,TOP_UP_TO_OPTIMAL,-43,economic_value_downgrade
74131,0.0,SKINCARE,unknown,HIGH_PRIORITY_BUY_REVIEW,31.5,27.0,77,-15.408,-0.642,VERY_LOW,15.629,0.0,1.041,TOP_UP_TO_OPTIMAL,TOP_UP_TO_OPTIMAL,-7,not_in_review_queue
87807,0.0,SKINCARE,unknown,HIGH_PRIORITY_BUY_REVIEW,33.0,27.0,78,-18.302,-0.763,VERY_LOW,6.764,0.0,0.0,TOP_UP_TO_OPTIMAL,TOP_UP_TO_OPTIMAL,-42,economic_value_downgrade
188953,0.0,SKINCARE,unknown,HIGH_PRIORITY_BUY_REVIEW,32.6,27.0,79,-18.199,-0.758,VERY_LOW,7.101,0.0,0.0,TOP_UP_TO_OPTIMAL,TOP_UP_TO_OPTIMAL,-35,economic_value_downgrade
195116,0.0,SKINCARE,unknown,HIGH_PRIORITY_BUY_REVIEW,33.0,27.0,80,-18.462,-0.769,VERY_LOW,6.686,0.0,0.0,TOP_UP_TO_OPTIMAL,TOP_UP_TO_OPTIMAL,-43,economic_value_downgrade
20841,0.0,SKINCARE,unknown,HIGH_PRIORITY_BUY_REVIEW,32.4,27.0,81,-16.846,-0.702,VERY_LOW,8.796,0.0,0.0,TOP_UP_TO_OPTIMAL,TOP_UP_TO_OPTIMAL,-32,economic_value_downgrade
250236,0.0,SKINCARE,unknown,HIGH_PRIORITY_BUY_REVIEW,32.5,27.0,82,-18.433,-0.768,VERY_LOW,6.787,0.0,0.0,TOP_UP_TO_OPTIMAL,TOP_UP_TO_OPTIMAL,-35,economic_value_downgrade
65583,0.0,SKINCARE,unknown,HIGH_PRIORITY_BUY_REVIEW,20.7,26.9,83,36.988,1.541,LOW,25.981,0.0,1.592,TOP_UP_TO_OPTIMAL,TOP_UP_TO_OPTIMAL,560,economic_roi_major_uplift
65606,0.0,SKINCARE,unknown,HIGH_PRIORITY_BUY_REVIEW,25.6,26.9,84,25.087,1.045,LOW,23.03,0.0,0.0,AGGRESSIVE_BUY,CONTROLLED_BUY,203,economic_roi_major_uplift
190070,0.0,BEAUTY ACCESSORIES,unknown,HIGH_PRIORITY_BUY_REVIEW,34.4,26.9,85,-13.891,-0.579,VERY_LOW,10.636,0.0,0.0,TOP_UP_TO_OPTIMAL,TOP_UP_TO_OPTIMAL,-62,economic_value_major_downgrade
10434,0.0,HAIRCARE,unknown,HIGH_PRIORITY_BUY_REVIEW,31.7,26.9,86,-18.148,-0.756,VERY_LOW,6.946,0.0,0.0,TOP_UP_TO_OPTIMAL,TOP_UP_TO_OPTIMAL,-21,economic_value_downgrade
472581,0.0,SKINCARE,unknown,HIGH_PRIORITY_BUY_REVIEW,32.3,26.9,87,-19.674,-0.82,VERY_LOW,5.507,0.0,0.0,TOP_UP_TO_OPTIMAL,TOP_UP_TO_OPTIMAL,-35,economic_value_downgrade
193456,0.0,SKINCARE,unknown,STANDARD_BUY_REVIEW,22.0,26.9,88,78.121,4.883,LOW,14.555,0.0,0.0,TOP_UP_TO_OPTIMAL,TOP_UP_TO_OPTIMAL,413,economic_roi_major_uplift
195102,0.0,SKINCARE,unknown,STANDARD_RUN_DOWN_REVIEW,14.4,26.9,89,27.938,1.746,LOW,72.036,0.0,1.033,NO_BUY_RUN_DOWN,NO_BUY_RUN_DOWN,1313,economic_roi_major_uplift
73378,0.0,ORAL HEALTH,unknown,STANDARD_RUN_DOWN_REVIEW,26.7,26.9,90,-4.235,-0.265,VERY_LOW,15.38,0.0,1.205,NO_BUY_RUN_DOWN,NO_BUY_RUN_DOWN,155,economic_roi_major_uplift
309146,0.0,HAIRCARE,unknown,HIGH_PRIORITY_BUY_REVIEW,31.8,26.9,91,-18.36,-0.765,VERY_LOW,6.871,0.0,0.0,TOP_UP_TO_OPTIMAL,TOP_UP_TO_OPTIMAL,-30,economic_value_downgrade
191181,0.0,COLOUR COSMETICS,unknown,HIGH_PRIORITY_BUY_REVIEW,31.6,26.9,92,-17.751,-0.74,VERY_LOW,7.931,0.0,0.0,TOP_UP_TO_OPTIMAL,TOP_UP_TO_OPTIMAL,-24,economic_value_downgrade
483699,0.0,SKINCARE,unknown,HIGH_PRIORITY_BUY_REVIEW,21.5,26.9,93,58.452,2.436,LOW,18.537,0.0,0.0,TOP_UP_TO_OPTIMAL,TOP_UP_TO_OPTIMAL,459,economic_roi_major_uplift
90164,0.0,COLOUR COSMETICS,unknown,HIGH_PRIORITY_BUY_REVIEW,31.8,26.9,94,-17.114,-0.713,VERY_LOW,8.708,0.0,0.0,TOP_UP_TO_OPTIMAL,TOP_UP_TO_OPTIMAL,-32,economic_value_downgrade
67686,0.0,COLOUR COSMETICS,unknown,HIGH_PRIORITY_BUY_REVIEW,31.9,26.8,95,-19.675,-0.82,VERY_LOW,5.47,0.0,0.0,TOP_UP_TO_OPTIMAL,TOP_UP_TO_OPTIMAL,-36,economic_value_downgrade
90154,0.0,COLOUR COSMETICS,unknown,HIGH_PRIORITY_BUY_REVIEW,31.8,26.8,96,-19.861,-0.828,VERY_LOW,5.178,0.0,0.0,TOP_UP_TO_OPTIMAL,TOP_UP_TO_OPTIMAL,-36,economic_value_downgrade
94005,0.0,COLOUR COSMETICS,unknown,HIGH_PRIORITY_BUY_REVIEW,32.3,26.8,97,-20.202,-0.842,VERY_LOW,4.727,0.0,0.0,TOP_UP_TO_OPTIMAL,TOP_UP_TO_OPTIMAL,-47,economic_value_downgrade
66822,0.0,SKINCARE,unknown,HIGH_PRIORITY_BUY_REVIEW,31.7,26.8,98,-15.53,-0.647,VERY_LOW,10.914,0.0,0.0,TOP_UP_TO_OPTIMAL,TOP_UP_TO_OPTIMAL,-35,economic_value_downgrade
90766,0.0,SKINCARE,unknown,STANDARD_BUY_REVIEW,20.9,26.8,99,34.764,2.173,LOW,18.292,17.96,0.0,TOP_UP_TO_OPTIMAL,TOP_UP_TO_OPTIMAL,525,economic_roi_major_uplift
191181,0.0,COLOUR COSMETICS,unknown,HIGH_PRIORITY_BUY_REVIEW,31.6,26.8,100,-18.524,-0.772,VERY_LOW,7.158,0.0,0.0,TOP_UP_TO_OPTIMAL,TOP_UP_TO_OPTIMAL,-34,economic_value_downgrade
198725,0.0,COLOUR COSMETICS,unknown,HIGH_PRIORITY_BUY_REVIEW,31.5,26.8,101,-18.568,-0.774,VERY_LOW,6.979,0.0,0.0,TOP_UP_TO_OPTIMAL,TOP_UP_TO_OPTIMAL,-29,economic_value_downgrade
199066,0.0,COLOUR COSMETICS,unknown,HIGH_PRIORITY_BUY_REVIEW,31.1,26.7,102,-19.296,-0.804,VERY_LOW,5.806,0.0,0.0,TOP_UP_TO_OPTIMAL,TOP_UP_TO_OPTIMAL,-19,economic_value_downgrade
90164,0.0,COLOUR COSMETICS,unknown,HIGH_PRIORITY_BUY_REVIEW,31.1,26.7,103,-19.666,-0.819,VERY_LOW,5.482,0.0,0.0,TOP_UP_TO_OPTIMAL,TOP_UP_TO_OPTIMAL,-19,economic_value_downgrade
90435,0.0,COLOUR COSMETICS,unknown,HIGH_PRIORITY_BUY_REVIEW,31.2,26.7,104,-19.104,-0.796,VERY_LOW,6.192,0.0,0.0,TOP_UP_TO_OPTIMAL,TOP_UP_TO_OPTIMAL,-24,economic_value_downgrade
94062,0.0,COLOUR COSMETICS,unknown,HIGH_PRIORITY_BUY_REVIEW,31.0,26.7,105,-19.765,-0.824,VERY_LOW,5.337,0.0,0.0,TOP_UP_TO_OPTIMAL,TOP_UP_TO_OPTIMAL,-15,economic_value_downgrade
193835,0.0,COLOUR COSMETICS,unknown,HIGH_PRIORITY_BUY_REVIEW,31.1,26.7,106,-19.796,-0.825,VERY_LOW,5.449,0.0,0.0,TOP_UP_TO_OPTIMAL,TOP_UP_TO_OPTIMAL,-21,economic_value_downgrade
198880,0.0,SKINCARE,unknown,STANDARD_RUN_DOWN_REVIEW,28.5,26.7,107,-12.19,-0.762,VERY_LOW,35.534,0.0,1.885,NO_BUY_RUN_DOWN,NO_BUY_RUN_DOWN,69,economic_roi_major_uplift
483699,0.0,SKINCARE,unknown,HIGH_PRIORITY_BUY_REVIEW,34.0,26.7,108,-9.539,-0.397,VERY_LOW,19.901,0.0,0.0,TOP_UP_TO_OPTIMAL,TOP_UP_TO_OPTIMAL,-83,economic_value_major_downgrade
69756,0.0,SKINCARE,unknown,HIGH_PRIORITY_BUY_REVIEW,23.9,26.7,109,-0.186,-0.008,VERY_LOW,55.569,0.0,0.0,AGGRESSIVE_BUY,AGGRESSIVE_BUY,259,economic_roi_major_uplift
16566,0.0,SKINCARE,unknown,HIGH_PRIORITY_BUY_REVIEW,31.4,26.7,110,-20.432,-0.851,VERY_LOW,4.212,0.0,0.0,TOP_UP_TO_OPTIMAL,TOP_UP_TO_OPTIMAL,-36,economic_value_downgrade
188954,0.0,SKINCARE,unknown,HIGH_PRIORITY_BUY_REVIEW,26.3,26.7,111,31.189,1.3,LOW,6.994,27.447,0.0,TOP_UP_TO_OPTIMAL,TOP_UP_TO_OPTIMAL,157,economic_roi_major_uplift
199949,0.0,SKINCARE,unknown,HIGH_PRIORITY_BUY_REVIEW,31.4,26.7,112,2.217,0.092,VERY_LOW,9.223,19.76,0.0,TOP_UP_TO_OPTIMAL,TOP_UP_TO_OPTIMAL,-37,economic_value_downgrade
90145,0.0,COLOUR COSMETICS,unknown,HIGH_PRIORITY_BUY_REVIEW,31.3,26.7,113,-19.95,-0.831,VERY_LOW,5.508,0.0,0.0,TOP_UP_TO_OPTIMAL,TOP_UP_TO_OPTIMAL,-34,economic_value_downgrade
67688,0.0,COLOUR COSMETICS,unknown,HIGH_PRIORITY_BUY_REVIEW,31.0,26.6,114,-20.074,-0.836,VERY_LOW,5.071,0.0,0.0,TOP_UP_TO_OPTIMAL,TOP_UP_TO_OPTIMAL,-25,economic_value_downgrade
63083,0.0,COLOUR COSMETICS,unknown,HIGH_PRIORITY_BUY_REVIEW,30.9,26.6,115,-20.457,-0.852,VERY_LOW,4.461,0.0,0.0,TOP_UP_TO_OPTIMAL,TOP_UP_TO_OPTIMAL,-20,economic_value_downgrade
199853,0.0,SKINCARE,unknown,HIGH_PRIORITY_BUY_REVIEW,31.3,26.6,116,-21.804,-0.908,VERY_LOW,2.728,0.0,0.0,TOP_UP_TO_OPTIMAL,TOP_UP_TO_OPTIMAL,-40,economic_value_downgrade
22926,0.0,COLOUR COSMETICS,unknown,HIGH_PRIORITY_BUY_REVIEW,31.3,26.6,117,-21.487,-0.895,VERY_LOW,3.358,0.0,0.0,TOP_UP_TO_OPTIMAL,TOP_UP_TO_OPTIMAL,-40,economic_value_downgrade
92140,0.0,COLOUR COSMETICS,unknown,HIGH_PRIORITY_BUY_REVIEW,31.1,26.6,118,-21.147,-0.881,VERY_LOW,3.638,0.0,0.0,TOP_UP_TO_OPTIMAL,TOP_UP_TO_OPTIMAL,-32,economic_value_downgrade
199066,0.0,COLOUR COSMETICS,unknown,HIGH_PRIORITY_BUY_REVIEW,31.0,26.6,119,-20.182,-0.841,VERY_LOW,4.92,0.0,0.0,TOP_UP_TO_OPTIMAL,TOP_UP_TO_OPTIMAL,-27,economic_value_downgrade
42899,0.0,HAIRCARE,unknown,HIGH_PRIORITY_BUY_REVIEW,28.4,26.6,120,-8.564,-0.357,VERY_LOW,16.869,24.064,0.0,TOP_UP_TO_OPTIMAL,TOP_UP_TO_OPTIMAL,60,economic_roi_major_uplift
668897,0.0,COLOUR COSMETICS,unknown,HIGH_PRIORITY_BUY_REVIEW,31.2,26.6,121,-21.282,-0.887,VERY_LOW,3.469,0.0,0.0,TOP_UP_TO_OPTIMAL,TOP_UP_TO_OPTIMAL,-40,economic_value_downgrade
91031,0.0,COLOUR COSMETICS,unknown,HIGH_PRIORITY_BUY_REVIEW,30.9,26.6,122,-20.117,-0.838,VERY_LOW,4.769,0.0,0.0,TOP_UP_TO_OPTIMAL,TOP_UP_TO_OPTIMAL,-26,economic_value_downgrade
91063,0.0,COLOUR COSMETICS,unknown,HIGH_PRIORITY_BUY_REVIEW,30.7,26.6,123,-20.989,-0.875,VERY_LOW,3.748,0.0,0.0,TOP_UP_TO_OPTIMAL,TOP_UP_TO_OPTIMAL,-17,economic_value_downgrade
73221,0.0,SKINCARE,unknown,HIGH_PRIORITY_BUY_REVIEW,30.4,26.6,124,-19.694,-0.821,VERY_LOW,9.66,0.0,1.205,TOP_UP_TO_OPTIMAL,TOP_UP_TO_OPTIMAL,0,rank_unchanged
44251,0.0,SKINCARE,unknown,HIGH_PRIORITY_BUY_REVIEW,30.5,26.6,125,-20.316,-0.846,VERY_LOW,9.537,0.0,1.012,TOP_UP_TO_OPTIMAL,TOP_UP_TO_OPTIMAL,-9,not_in_review_queue
34101,0.0,COLOUR COSMETICS,unknown,HIGH_PRIORITY_BUY_REVIEW,30.7,26.5,126,-21.099,-0.879,VERY_LOW,3.595,0.0,0.0,TOP_UP_TO_OPTIMAL,TOP_UP_TO_OPTIMAL,-26,economic_value_downgrade
191880,0.0,SKINCARE,unknown,HIGH_PRIORITY_BUY_REVIEW,30.2,26.5,127,-20.848,-0.869,VERY_LOW,8.372,0.0,1.162,TOP_UP_TO_OPTIMAL,TOP_UP_TO_OPTIMAL,3,not_in_review_queue
199739,0.0,SKINCARE,unknown,HIGH_PRIORITY_BUY_REVIEW,30.7,26.5,128,-17.525,-0.73,VERY_LOW,8.068,0.0,0.0,TOP_UP_TO_OPTIMAL,TOP_UP_TO_OPTIMAL,-27,economic_value_downgrade
40165,0.0,COLOUR COSMETICS,unknown,HIGH_PRIORITY_BUY_REVIEW,30.8,26.5,129,-22.089,-0.92,VERY_LOW,2.443,0.0,0.0,TOP_UP_TO_OPTIMAL,TOP_UP_TO_OPTIMAL,-31,economic_value_downgrade
65591,0.0,SKINCARE,unknown,STANDARD_BUY_REVIEW,33.6,26.5,130,3.902,0.244,VERY_LOW,30.111,0.0,0.0,TOP_UP_TO_OPTIMAL,TOP_UP_TO_OPTIMAL,-103,economic_value_major_downgrade
88392,0.0,COLOUR COSMETICS,unknown,HIGH_PRIORITY_BUY_REVIEW,31.0,26.5,131,-22.156,-0.923,VERY_LOW,2.532,0.0,0.0,TOP_UP_TO_OPTIMAL,TOP_UP_TO_OPTIMAL,-40,economic_value_downgrade
90999,0.0,COLOUR COSMETICS,unknown,HIGH_PRIORITY_BUY_REVIEW,30.7,26.5,132,-21.024,-0.876,VERY_LOW,3.713,0.0,0.0,TOP_UP_TO_OPTIMAL,TOP_UP_TO_OPTIMAL,-28,economic_value_downgrade
91048,0.0,COLOUR COSMETICS,unknown,HIGH_PRIORITY_BUY_REVIEW,30.7,26.5,133,-21.125,-0.88,VERY_LOW,3.661,0.0,0.0,TOP_UP_TO_OPTIMAL,TOP_UP_TO_OPTIMAL,-28,economic_value_downgrade
91951,0.0,COLOUR COSMETICS,unknown,HIGH_PRIORITY_BUY_REVIEW,30.6,26.5,134,-21.692,-0.904,VERY_LOW,2.996,0.0,0.0,TOP_UP_TO_OPTIMAL,TOP_UP_TO_OPTIMAL,-26,economic_value_downgrade
91964,0.0,COLOUR COSMETICS,unknown,HIGH_PRIORITY_BUY_REVIEW,30.6,26.5,135,-21.565,-0.899,VERY_LOW,3.172,0.0,0.0,TOP_UP_TO_OPTIMAL,TOP_UP_TO_OPTIMAL,-26,economic_value_downgrade
94904,0.0,SKINCARE,unknown,STANDARD_RUN_DOWN_REVIEW,14.6,26.5,136,29.489,1.843,LOW,73.07,0.0,0.86,NO_BUY_RUN_DOWN,NO_BUY_RUN_DOWN,1238,economic_roi_major_uplift
94918,0.0,ORAL HEALTH,unknown,HIGH_PRIORITY_BUY_REVIEW,30.4,26.5,137,-21.657,-0.902,VERY_LOW,27.343,0.0,0.0,AGGRESSIVE_BUY,AGGRESSIVE_BUY,-16,economic_value_downgrade
91885,0.0,COLOUR COSMETICS,unknown,HIGH_PRIORITY_BUY_REVIEW,30.8,26.5,138,-21.859,-0.911,VERY_LOW,2.731,0.0,0.0,TOP_UP_TO_OPTIMAL,TOP_UP_TO_OPTIMAL,-39,economic_value_downgrade
92157,0.0,COLOUR COSMETICS,unknown,HIGH_PRIORITY_BUY_REVIEW,30.5,26.5,139,-21.777,-0.907,VERY_LOW,2.812,0.0,0.0,TOP_UP_TO_OPTIMAL,TOP_UP_TO_OPTIMAL,-28,economic_value_downgrade
198650,0.0,SUNCARE,unknown,HIGH_PRIORITY_BUY_REVIEW,28.4,26.5,140,9.837,0.41,VERY_LOW,43.501,0.0,2.077,AGGRESSIVE_BUY,AGGRESSIVE_BUY,42,economic_value_uplift
92157,0.0,COLOUR COSMETICS,unknown,HIGH_PRIORITY_BUY_REVIEW,30.5,26.5,141,-22.141,-0.923,VERY_LOW,2.448,0.0,0.0,TOP_UP_TO_OPTIMAL,TOP_UP_TO_OPTIMAL,-29,economic_value_downgrade
95872,0.0,COLOUR COSMETICS,unknown,HIGH_PRIORITY_BUY_REVIEW,30.5,26.5,142,-22.141,-0.923,VERY_LOW,2.448,0.0,0.0,TOP_UP_TO_OPTIMAL,TOP_UP_TO_OPTIMAL,-29,economic_value_downgrade
95888,0.0,COLOUR COSMETICS,unknown,HIGH_PRIORITY_BUY_REVIEW,30.5,26.5,143,-22.141,-0.923,VERY_LOW,2.448,0.0,0.0,TOP_UP_TO_OPTIMAL,TOP_UP_TO_OPTIMAL,-29,economic_value_downgrade
92150,0.0,COLOUR COSMETICS,unknown,HIGH_PRIORITY_BUY_REVIEW,30.9,26.5,144,-21.95,-0.915,VERY_LOW,2.59,0.0,0.0,TOP_UP_TO_OPTIMAL,TOP_UP_TO_OPTIMAL,-47,economic_value_downgrade
21964,0.0,COLOUR COSMETICS,unknown,HIGH_PRIORITY_BUY_REVIEW,30.2,26.4,145,-22.74,-0.947,VERY_LOW,1.603,0.0,0.0,TOP_UP_TO_OPTIMAL,TOP_UP_TO_OPTIMAL,-14,economic_value_downgrade
91052,0.0,COLOUR COSMETICS,unknown,HIGH_PRIORITY_BUY_REVIEW,30.3,26.4,146,-22.626,-0.943,VERY_LOW,1.768,0.0,0.0,TOP_UP_TO_OPTIMAL,TOP_UP_TO_OPTIMAL,-20,economic_value_downgrade
92150,0.0,COLOUR COSMETICS,unknown,HIGH_PRIORITY_BUY_REVIEW,30.4,26.4,147,-22.466,-0.936,VERY_LOW,2.074,0.0,0.0,TOP_UP_TO_OPTIMAL,TOP_UP_TO_OPTIMAL,-28,economic_value_downgrade
92152,0.0,COLOUR COSMETICS,unknown,HIGH_PRIORITY_BUY_REVIEW,30.3,26.4,148,-22.624,-0.943,VERY_LOW,1.867,0.0,0.0,TOP_UP_TO_OPTIMAL,TOP_UP_TO_OPTIMAL,-21,economic_value_downgrade
199844,0.0,SKINCARE,unknown,STANDARD_BUY_REVIEW,18.8,26.4,149,32.943,2.059,LOW,32.188,0.0,0.0,TOP_UP_TO_OPTIMAL,TOP_UP_TO_OPTIMAL,712,economic_roi_major_uplift
369403,0.0,INCONTINENCE,unknown,HIGH_PRIORITY_BUY_REVIEW,32.2,26.4,150,-16.485,-0.687,VERY_LOW,7.989,0.0,0.0,TOP_UP_TO_OPTIMAL,TOP_UP_TO_OPTIMAL,-96,economic_value_major_downgrade
21963,0.0,COLOUR COSMETICS,unknown,HIGH_PRIORITY_BUY_REVIEW,30.3,26.4,151,-22.645,-0.944,VERY_LOW,1.698,0.0,0.0,TOP_UP_TO_OPTIMAL,TOP_UP_TO_OPTIMAL,-23,economic_value_downgrade
727,0.0,COLOUR COSMETICS,unknown,HIGH_PRIORITY_BUY_REVIEW,30.4,26.4,152,-22.318,-0.93,VERY_LOW,2.128,0.0,0.0,TOP_UP_TO_OPTIMAL,TOP_UP_TO_OPTIMAL,-30,economic_value_downgrade
91052,0.0,COLOUR COSMETICS,unknown,HIGH_PRIORITY_BUY_REVIEW,30.3,26.4,153,-22.531,-0.939,VERY_LOW,1.863,0.0,0.0,TOP_UP_TO_OPTIMAL,TOP_UP_TO_OPTIMAL,-24,economic_value_downgrade
91884,0.0,COLOUR COSMETICS,unknown,HIGH_PRIORITY_BUY_REVIEW,30.4,26.4,154,-22.321,-0.93,VERY_LOW,2.122,0.0,0.0,TOP_UP_TO_OPTIMAL,TOP_UP_TO_OPTIMAL,-31,economic_value_downgrade
195287,0.0,SKINCARE,unknown,STANDARD_BUY_REVIEW,11.8,26.4,155,134.058,8.379,MEDIUM,52.838,0.0,0.0,TOP_UP_TO_OPTIMAL,TOP_UP_TO_OPTIMAL,1577,economic_roi_major_uplift
385301,0.0,SKINCARE,unknown,HIGH_PRIORITY_BUY_REVIEW,26.3,26.3,156,-11.058,-0.461,VERY_LOW,22.856,0.0,1.607,AGGRESSIVE_BUY,AGGRESSIVE_BUY,108,economic_roi_major_uplift
15826,0.0,COLOUR COSMETICS,unknown,HIGH_PRIORITY_BUY_REVIEW,30.1,26.3,157,-21.615,-0.901,VERY_LOW,3.163,0.0,0.0,TOP_UP_TO_OPTIMAL,TOP_UP_TO_OPTIMAL,-25,economic_value_downgrade
44743,0.0,SKINCARE,unknown,HIGH_PRIORITY_BUY_REVIEW,30.4,26.3,158,-20.873,-0.87,VERY_LOW,3.897,0.0,0.0,TOP_UP_TO_OPTIMAL,TOP_UP_TO_OPTIMAL,-41,economic_value_downgrade
32159,0.0,HAIRCARE,unknown,HIGH_PRIORITY_BUY_REVIEW,29.8,26.3,159,-22.993,-0.958,VERY_LOW,5.776,0.0,1.145,TOP_UP_TO_OPTIMAL,TOP_UP_TO_OPTIMAL,-22,economic_value_downgrade
92334,0.0,SKINCARE,unknown,HIGH_PRIORITY_BUY_REVIEW,30.5,26.3,160,0.228,0.01,VERY_LOW,34.315,0.0,0.0,TOP_UP_TO_OPTIMAL,TOP_UP_TO_OPTIMAL,-50,economic_value_major_downgrade
94659,0.0,SKINCARE,unknown,HIGH_PRIORITY_BUY_REVIEW,29.3,26.3,161,-22.325,-0.93,VERY_LOW,11.643,0.0,1.62,TOP_UP_TO_OPTIMAL,TOP_UP_TO_OPTIMAL,-9,not_in_review_queue
94905,0.0,SKINCARE,unknown,HIGH_PRIORITY_BUY_REVIEW,27.4,26.3,162,27.997,1.167,LOW,26.335,34.742,0.0,TOP_UP_TO_OPTIMAL,TOP_UP_TO_OPTIMAL,53,economic_roi_major_uplift
369403,0.0,INCONTINENCE,unknown,HIGH_PRIORITY_BUY_REVIEW,32.5,26.3,163,-18.041,-0.752,VERY_LOW,6.342,0.0,0.0,TOP_UP_TO_OPTIMAL,TOP_UP_TO_OPTIMAL,-117,economic_value_major_downgrade
10434,0.0,HAIRCARE,unknown,HIGH_PRIORITY_BUY_REVIEW,29.7,26.3,164,-23.343,-0.973,VERY_LOW,5.484,0.0,1.087,TOP_UP_TO_OPTIMAL,TOP_UP_TO_OPTIMAL,-23,economic_value_downgrade
199845,0.0,SKINCARE,unknown,HIGH_PRIORITY_BUY_REVIEW,28.2,26.3,165,20.41,0.85,VERY_LOW,23.386,28.057,0.0,TOP_UP_TO_OPTIMAL,TOP_UP_TO_OPTIMAL,25,economic_value_uplift
89761,0.0,TANNING,unknown,STANDARD_RUN_DOWN_REVIEW,25.8,26.3,166,-12.829,-0.802,VERY_LOW,11.93,0.0,0.881,NO_BUY_RUN_DOWN,NO_BUY_RUN_DOWN,118,economic_roi_major_uplift
185497,0.0,COLOUR COSMETICS,unknown,HIGH_PRIORITY_BUY_REVIEW,29.6,26.2,167,-24.0,-1.0,VERY_LOW,0.0,-0.0,0.0,TOP_UP_TO_OPTIMAL,TOP_UP_TO_OPTIMAL,-25,economic_value_downgrade
199069,0.0,COLOUR COSMETICS,unknown,HIGH_PRIORITY_BUY_REVIEW,29.7,26.2,168,-24.0,-1.0,VERY_LOW,0.0,-0.0,0.0,TOP_UP_TO_OPTIMAL,TOP_UP_TO_OPTIMAL,-29,economic_value_downgrade
90153,0.0,COLOUR COSMETICS,unknown,HIGH_PRIORITY_BUY_REVIEW,29.6,26.2,169,-24.0,-1.0,VERY_LOW,0.0,-0.0,0.0,TOP_UP_TO_OPTIMAL,TOP_UP_TO_OPTIMAL,-26,economic_value_downgrade
94005,0.0,COLOUR COSMETICS,unknown,HIGH_PRIORITY_BUY_REVIEW,29.5,26.2,170,-24.0,-1.0,VERY_LOW,0.0,-0.0,0.0,TOP_UP_TO_OPTIMAL,TOP_UP_TO_OPTIMAL,-20,economic_value_downgrade
42830,0.0,SKINCARE,unknown,STANDARD_RUN_DOWN_REVIEW,28.3,26.2,171,-17.059,-1.066,VERY_LOW,5.406,0.0,1.339,NO_BUY_RUN_DOWN,NO_BUY_RUN_DOWN,14,economic_value_uplift
184856,0.0,ORAL HEALTH,unknown,HIGH_PRIORITY_BUY_REVIEW,27.7,26.2,172,-19.094,-0.796,VERY_LOW,29.906,0.0,0.0,TOP_UP_TO_OPTIMAL,TOP_UP_TO_OPTIMAL,32,economic_value_uplift
55990,0.0,SKINCARE,unknown,HIGH_PRIORITY_BUY_REVIEW,29.6,26.2,173,-24.464,-1.019,VERY_LOW,4.454,0.0,0.935,TOP_UP_TO_OPTIMAL,TOP_UP_TO_OPTIMAL,-28,economic_value_downgrade
199846,0.0,SKINCARE,unknown,HIGH_PRIORITY_BUY_REVIEW,19.5,26.2,174,28.522,1.188,LOW,105.26,0.0,3.616,AGGRESSIVE_BUY,AGGRESSIVE_BUY,607,economic_roi_major_uplift
51926,0.0,MENS GROOMING,unknown,HIGH_PRIORITY_BUY_REVIEW,31.1,26.2,175,-17.587,-0.733,VERY_LOW,6.785,0.0,0.0,TOP_UP_TO_OPTIMAL,TOP_UP_TO_OPTIMAL,-87,economic_value_major_downgrade
67859,0.0,HAIRCARE,unknown,HIGH_PRIORITY_BUY_REVIEW,29.6,26.2,176,-24.363,-1.015,VERY_LOW,4.427,0.0,0.995,TOP_UP_TO_OPTIMAL,TOP_UP_TO_OPTIMAL,-30,economic_value_downgrade
93339,0.0,SKINCARE,unknown,STANDARD_BUY_REVIEW,11.6,26.2,177,110.298,6.894,MEDIUM,28.542,0.0,0.0,CONTROLLED_BUY,CONTROLLED_BUY,1596,economic_roi_major_uplift
481130,0.0,SKINCARE,unknown,STANDARD_BUY_REVIEW,26.6,26.2,178,49.5,3.094,LOW,3.962,66.774,0.0,TOP_UP_TO_OPTIMAL,TOP_UP_TO_OPTIMAL,72,economic_roi_major_uplift
87764,0.0,SKINCARE,unknown,HIGH_PRIORITY_BUY_REVIEW,29.6,26.2,179,-23.398,-0.975,VERY_LOW,4.93,0.0,1.205,TOP_UP_TO_OPTIMAL,TOP_UP_TO_OPTIMAL,-30,economic_value_downgrade
28286,0.0,INCONTINENCE,unknown,HIGH_PRIORITY_BUY_REVIEW,32.0,26.2,180,-19.465,-0.811,VERY_LOW,4.944,0.0,0.0,TOP_UP_TO_OPTIMAL,TOP_UP_TO_OPTIMAL,-122,economic_value_major_downgrade
39410,0.0,COLOUR COSMETICS,unknown,HIGH_PRIORITY_BUY_REVIEW,30.3,26.1,181,-21.567,-0.899,VERY_LOW,3.319,0.0,0.0,TOP_UP_TO_OPTIMAL,TOP_UP_TO_OPTIMAL,-56,economic_value_major_downgrade
188990,0.0,SKINCARE,unknown,HIGH_PRIORITY_BUY_REVIEW,30.7,26.1,182,-13.233,-0.551,VERY_LOW,14.488,0.0,0.0,TOP_UP_TO_OPTIMAL,TOP_UP_TO_OPTIMAL,-80,economic_value_major_downgrade
20866,0.0,HAIRCARE,unknown,HIGH_PRIORITY_BUY_REVIEW,31.5,26.1,183,-20.034,-0.835,VERY_LOW,4.378,0.0,0.0,TOP_UP_TO_OPTIMAL,TOP_UP_TO_OPTIMAL,-114,economic_value_major_downgrade
24359,0.0,SKINCARE,unknown,HIGH_PRIORITY_BUY_REVIEW,32.1,26.1,184,-4.684,-0.195,VERY_LOW,27.049,0.0,0.0,TOP_UP_TO_OPTIMAL,TOP_UP_TO_OPTIMAL,-128,economic_value_major_downgrade
192181,0.0,SKINCARE,unknown,HIGH_PRIORITY_BUY_REVIEW,29.3,26.1,185,-3.008,-0.125,VERY_LOW,29.327,0.0,1.205,TOP_UP_TO_OPTIMAL,TOP_UP_TO_OPTIMAL,-31,economic_value_downgrade
41541,0.0,ORAL HEALTH,unknown,HIGH_PRIORITY_BUY_REVIEW,31.6,26.1,186,-20.733,-0.864,VERY_LOW,3.749,0.0,0.0,TOP_UP_TO_OPTIMAL,TOP_UP_TO_OPTIMAL,-119,economic_value_major_downgrade
230758,0.0,BATH TOILETRIES,unknown,HIGH_PRIORITY_BUY_REVIEW,30.7,26.0,187,-19.679,-0.82,VERY_LOW,4.67,0.0,0.0,TOP_UP_TO_OPTIMAL,TOP_UP_TO_OPTIMAL,-84,economic_value_major_downgrade
271519,0.0,SKINCARE,unknown,HIGH_PRIORITY_BUY_REVIEW,29.8,26.0,188,-21.903,-0.913,VERY_LOW,2.729,0.0,0.0,TOP_UP_TO_OPTIMAL,TOP_UP_TO_OPTIMAL,-52,economic_value_major_downgrade
483788,0.0,SKINCARE,unknown,HIGH_PRIORITY_BUY_REVIEW,32.8,26.0,189,-13.439,-0.56,VERY_LOW,14.762,0.0,0.0,TOP_UP_TO_OPTIMAL,TOP_UP_TO_OPTIMAL,-149,economic_value_major_downgrade
88315,0.0,COLOUR COSMETICS,unknown,HIGH_PRIORITY_BUY_REVIEW,29.1,26.0,190,-26.114,-1.088,VERY_LOW,1.995,0.0,1.103,TOP_UP_TO_OPTIMAL,TOP_UP_TO_OPTIMAL,-27,economic_value_downgrade
90934,0.0,SKINCARE,unknown,HIGH_PRIORITY_BUY_REVIEW,26.5,26.0,191,-17.858,-0.744,VERY_LOW,11.363,0.0,0.86,AGGRESSIVE_BUY,AGGRESSIVE_BUY,64,economic_roi_major_uplift
95870,0.0,COLOUR COSMETICS,unknown,HIGH_PRIORITY_BUY_REVIEW,29.2,26.0,192,-22.104,-0.921,VERY_LOW,2.436,0.0,0.0,TOP_UP_TO_OPTIMAL,TOP_UP_TO_OPTIMAL,-32,economic_value_downgrade
95893,0.0,COLOUR COSMETICS,unknown,HIGH_PRIORITY_BUY_REVIEW,29.3,26.0,193,-22.966,-0.957,VERY_LOW,1.328,0.0,0.0,TOP_UP_TO_OPTIMAL,TOP_UP_TO_OPTIMAL,-38,economic_value_downgrade
199044,0.0,SUNCARE,unknown,HIGH_PRIORITY_BUY_REVIEW,30.4,25.9,194,-19.964,-0.832,VERY_LOW,4.365,0.0,0.0,TOP_UP_TO_OPTIMAL,TOP_UP_TO_OPTIMAL,-76,economic_value_major_downgrade
92642,0.0,SUNCARE,unknown,HIGH_PRIORITY_BUY_REVIEW,30.4,25.9,195,-19.935,-0.831,VERY_LOW,4.394,0.0,0.0,TOP_UP_TO_OPTIMAL,TOP_UP_TO_OPTIMAL,-75,economic_value_major_downgrade
94921,0.0,ORAL HEALTH,unknown,HIGH_PRIORITY_BUY_REVIEW,25.2,25.9,196,-17.775,-0.741,VERY_LOW,35.082,0.0,0.963,TOP_UP_TO_OPTIMAL,TOP_UP_TO_OPTIMAL,113,economic_roi_major_uplift
11494,0.0,ORAL HEALTH,unknown,STANDARD_BUY_REVIEW,11.4,25.9,197,58.048,3.628,LOW,30.268,0.0,0.174,TOP_UP_TO_OPTIMAL,TOP_UP_TO_OPTIMAL,1610,economic_roi_major_uplift
21964,0.0,COLOUR COSMETICS,unknown,HIGH_PRIORITY_BUY_REVIEW,29.3,25.9,198,-23.059,-0.961,VERY_LOW,1.284,0.0,0.0,TOP_UP_TO_OPTIMAL,TOP_UP_TO_OPTIMAL,-45,economic_value_downgrade
188990,0.0,SKINCARE,unknown,HIGH_PRIORITY_BUY_REVIEW,20.9,25.9,199,48.141,2.006,LOW,12.611,0.0,0.0,TOP_UP_TO_OPTIMAL,TOP_UP_TO_OPTIMAL,426,economic_roi_major_uplift
91442,0.0,HAIRCARE,unknown,STANDARD_RUN_DOWN_REVIEW,22.8,25.9,200,-11.345,-0.709,VERY_LOW,32.753,0.0,1.033,NO_BUY_RUN_DOWN,NO_BUY_RUN_DOWN,229,economic_roi_major_uplift
5446,0.0,FOOTCARE,unknown,HIGH_PRIORITY_BUY_REVIEW,30.7,25.9,201,-20.399,-0.85,VERY_LOW,4.037,0.0,0.0,TOP_UP_TO_OPTIMAL,TOP_UP_TO_OPTIMAL,-94,economic_value_major_downgrade
92260,0.0,BATH TOILETRIES,unknown,HIGH_PRIORITY_BUY_REVIEW,31.0,25.9,202,-21.255,-0.886,VERY_LOW,3.159,0.0,0.0,TOP_UP_TO_OPTIMAL,TOP_UP_TO_OPTIMAL,-108,economic_value_major_downgrade
90155,0.0,COLOUR COSMETICS,unknown,HIGH_PRIORITY_BUY_REVIEW,28.5,25.8,203,-27.911,-1.163,VERY_LOW,0.0,-0.0,0.909,TOP_UP_TO_OPTIMAL,TOP_UP_TO_OPTIMAL,-29,economic_value_downgrade
195081,0.0,SKINCARE,unknown,HIGH_PRIORITY_BUY_REVIEW,26.3,25.8,204,-8.415,-0.351,VERY_LOW,29.478,0.0,1.339,AGGRESSIVE_BUY,AGGRESSIVE_BUY,61,economic_roi_major_uplift
188745,0.0,SKINCARE,unknown,HIGH_PRIORITY_BUY_REVIEW,25.6,25.8,205,-13.919,-0.58,VERY_LOW,15.232,0.0,0.798,TOP_UP_TO_OPTIMAL,TOP_UP_TO_OPTIMAL,83,economic_roi_major_uplift
194045,0.0,SKINCARE,unknown,HIGH_PRIORITY_BUY_REVIEW,31.4,25.8,206,-15.856,-0.661,VERY_LOW,11.26,0.0,0.0,TOP_UP_TO_OPTIMAL,TOP_UP_TO_OPTIMAL,-133,economic_value_major_downgrade
47723,0.0,SKINCARE,unknown,HIGH_PRIORITY_BUY_REVIEW,29.6,25.8,207,-16.437,-0.685,VERY_LOW,10.282,0.0,0.0,TOP_UP_TO_OPTIMAL,TOP_UP_TO_OPTIMAL,-63,economic_value_major_downgrade
56483,0.0,SUNCARE,unknown,STANDARD_RUN_DOWN_REVIEW,24.2,25.8,208,-16.421,-1.026,VERY_LOW,8.175,0.0,1.044,NO_BUY_RUN_DOWN,NO_BUY_RUN_DOWN,145,economic_roi_major_uplift
38436,0.0,SKINCARE,unknown,HIGH_PRIORITY_BUY_REVIEW,25.2,25.8,209,-17.266,-0.719,VERY_LOW,17.482,0.0,1.457,TOP_UP_TO_OPTIMAL,TOP_UP_TO_OPTIMAL,101,economic_roi_major_uplift
21773,0.0,HAIRCARE,unknown,HIGH_PRIORITY_BUY_REVIEW,26.5,25.8,210,-22.668,-0.944,VERY_LOW,13.964,12.62,0.0,TOP_UP_TO_OPTIMAL,TOP_UP_TO_OPTIMAL,46,economic_value_uplift
65591,0.0,SKINCARE,unknown,STANDARD_BUY_REVIEW,28.1,25.8,211,8.388,0.524,VERY_LOW,34.597,0.0,0.0,TOP_UP_TO_OPTIMAL,TOP_UP_TO_OPTIMAL,-20,economic_value_downgrade
192981,0.0,ORAL HEALTH,unknown,HIGH_PRIORITY_BUY_REVIEW,23.4,25.8,212,-14.201,-0.592,VERY_LOW,42.766,0.0,1.673,TOP_UP_TO_OPTIMAL,TOP_UP_TO_OPTIMAL,182,economic_roi_major_uplift
199849,0.0,SKINCARE,unknown,HIGH_PRIORITY_BUY_REVIEW,30.0,25.8,213,-32.394,-1.35,VERY_LOW,21.592,0.0,0.0,TOP_UP_TO_OPTIMAL,TOP_UP_TO_OPTIMAL,-80,economic_value_major_downgrade
24925,0.0,SKINCARE,unknown,HIGH_PRIORITY_BUY_REVIEW,30.5,25.8,214,-11.156,-0.465,VERY_LOW,15.933,0.0,0.0,TOP_UP_TO_OPTIMAL,TOP_UP_TO_OPTIMAL,-99,economic_value_major_downgrade
93466,0.0,SKINCARE,unknown,HIGH_PRIORITY_BUY_REVIEW,29.1,25.8,215,-19.13,-0.797,VERY_LOW,6.201,0.0,0.0,TOP_UP_TO_OPTIMAL,TOP_UP_TO_OPTIMAL,-51,economic_value_major_downgrade
42784,0.0,SKINCARE,unknown,HIGH_PRIORITY_BUY_REVIEW,25.1,25.7,216,-21.255,-0.886,VERY_LOW,38.493,0.0,1.175,TOP_UP_TO_OPTIMAL,TOP_UP_TO_OPTIMAL,99,economic_roi_major_uplift
186457,0.0,SKINCARE,unknown,HIGH_PRIORITY_BUY_REVIEW,28.8,25.7,217,-9.871,-0.411,VERY_LOW,22.624,0.0,1.041,TOP_UP_TO_OPTIMAL,TOP_UP_TO_OPTIMAL,-49,economic_value_downgrade
92434,0.0,SUNCARE,unknown,STANDARD_RUN_DOWN_REVIEW,23.7,25.7,218,-16.554,-1.035,VERY_LOW,3.222,0.0,1.044,NO_BUY_RUN_DOWN,NO_BUY_RUN_DOWN,159,economic_roi_major_uplift
16525,0.0,SKINCARE,unknown,HIGH_PRIORITY_BUY_REVIEW,25.4,25.7,219,-18.581,-0.774,VERY_LOW,10.295,0.0,1.033,TOP_UP_TO_OPTIMAL,TOP_UP_TO_OPTIMAL,76,economic_roi_major_uplift
61289,0.0,HAIRCARE,unknown,HIGH_PRIORITY_BUY_REVIEW,29.7,25.7,220,-22.189,-0.925,VERY_LOW,6.145,0.0,0.995,TOP_UP_TO_OPTIMAL,TOP_UP_TO_OPTIMAL,-80,economic_value_major_downgrade
24358,0.0,SKINCARE,unknown,STANDARD_BUY_REVIEW,20.3,25.7,221,71.011,4.438,LOW,0.0,0.0,0.0,TOP_UP_TO_OPTIMAL,TOP_UP_TO_OPTIMAL,486,economic_roi_major_uplift
655791,0.0,HAIRCARE,unknown,HIGH_PRIORITY_BUY_REVIEW,29.6,25.7,222,-22.337,-0.931,VERY_LOW,5.997,0.0,0.995,TOP_UP_TO_OPTIMAL,TOP_UP_TO_OPTIMAL,-75,economic_value_major_downgrade
192531,0.0,TANNING,unknown,HIGH_PRIORITY_BUY_REVIEW,31.2,25.7,223,-19.688,-0.82,VERY_LOW,4.711,0.0,0.0,TOP_UP_TO_OPTIMAL,TOP_UP_TO_OPTIMAL,-141,economic_value_major_downgrade
49692,0.0,SKINCARE,unknown,HIGH_PRIORITY_BUY_REVIEW,24.1,25.7,224,-18.339,-0.764,VERY_LOW,46.604,0.0,1.599,TOP_UP_TO_OPTIMAL,TOP_UP_TO_OPTIMAL,134,economic_roi_major_uplift
195049,0.0,SKINCARE,unknown,HIGH_PRIORITY_BUY_REVIEW,29.2,25.7,225,-4.107,-0.171,VERY_LOW,24.382,0.0,0.0,TOP_UP_TO_OPTIMAL,TOP_UP_TO_OPTIMAL,-67,economic_value_major_downgrade
74656,0.0,VITAMIN SUPPLEMENT,unknown,HIGH_PRIORITY_BUY_REVIEW,24.5,25.7,226,-20.159,-0.84,VERY_LOW,7.947,21.32,0.0,TOP_UP_TO_OPTIMAL,TOP_UP_TO_OPTIMAL,113,economic_roi_major_uplift
184834,0.0,SKINCARE,unknown,HIGH_PRIORITY_BUY_REVIEW,21.4,25.7,227,15.339,0.639,VERY_LOW,14.444,0.0,1.205,TOP_UP_TO_OPTIMAL,TOP_UP_TO_OPTIMAL,336,economic_roi_major_uplift
38297,0.0,SKINCARE,unknown,HIGH_PRIORITY_BUY_REVIEW,28.5,25.7,228,-7.669,-0.32,VERY_LOW,23.715,0.0,1.205,TOP_UP_TO_OPTIMAL,TOP_UP_TO_OPTIMAL,-51,economic_value_major_downgrade
198717,0.0,COLOUR COSMETICS,unknown,HIGH_PRIORITY_BUY_REVIEW,28.6,25.6,229,-21.772,-0.907,VERY_LOW,3.114,0.0,0.0,TOP_UP_TO_OPTIMAL,TOP_UP_TO_OPTIMAL,-57,economic_value_major_downgrade
94277,0.0,SKINCARE,unknown,HIGH_PRIORITY_BUY_REVIEW,25.3,25.6,230,-14.355,-0.598,VERY_LOW,16.102,0.0,1.033,TOP_UP_TO_OPTIMAL,TOP_UP_TO_OPTIMAL,69,economic_roi_major_uplift
67686,0.0,COLOUR COSMETICS,unknown,HIGH_PRIORITY_BUY_REVIEW,28.8,25.6,231,-21.319,-0.888,VERY_LOW,3.826,0.0,0.0,TOP_UP_TO_OPTIMAL,TOP_UP_TO_OPTIMAL,-62,economic_value_major_downgrade
91534,0.0,HAIRCARE,unknown,STANDARD_BUY_REVIEW,18.9,25.6,232,59.45,3.716,LOW,1.896,101.006,0.0,TOP_UP_TO_OPTIMAL,TOP_UP_TO_OPTIMAL,618,economic_roi_major_uplift
199846,0.0,SKINCARE,unknown,STANDARD_RUN_DOWN_REVIEW,14.7,25.6,233,3.943,0.246,VERY_LOW,53.641,0.0,1.636,NO_BUY_RUN_DOWN,NO_BUY_RUN_DOWN,1130,economic_roi_major_uplift
193144,0.0,COLOUR COSMETICS,unknown,HIGH_PRIORITY_BUY_REVIEW,28.0,25.5,234,-24.0,-1.0,VERY_LOW,0.0,-0.0,0.0,TOP_UP_TO_OPTIMAL,TOP_UP_TO_OPTIMAL,-39,economic_value_downgrade
195117,0.0,SKINCARE,unknown,HIGH_PRIORITY_BUY_REVIEW,29.1,25.5,235,-14.766,-0.615,VERY_LOW,12.474,0.0,0.0,TOP_UP_TO_OPTIMAL,TOP_UP_TO_OPTIMAL,-74,economic_value_major_downgrade
89873,0.0,FRAGRANCE,unknown,STANDARD_BUY_REVIEW,27.6,25.5,236,6.566,0.41,VERY_LOW,32.664,0.0,0.0,TOP_UP_TO_OPTIMAL,TOP_UP_TO_OPTIMAL,-30,economic_value_downgrade
197263,0.0,BEAUTY ACCESSORIES,unknown,HIGH_PRIORITY_BUY_REVIEW,29.2,25.5,237,-24.42,-1.018,VERY_LOW,3.957,0.0,0.964,TOP_UP_TO_OPTIMAL,TOP_UP_TO_OPTIMAL,-81,economic_value_major_downgrade
90806,0.0,HAIR REMOVAL,unknown,HIGH_PRIORITY_BUY_REVIEW,25.2,25.5,238,1.097,0.046,VERY_LOW,50.097,0.0,0.0,TOP_UP_TO_OPTIMAL,TOP_UP_TO_OPTIMAL,69,economic_roi_major_uplift
55533,0.0,SKINCARE,unknown,HIGH_PRIORITY_BUY_REVIEW,20.8,25.5,239,13.461,0.561,VERY_LOW,85.491,0.0,0.172,CONTROLLED_BUY,CONTROLLED_BUY,400,economic_roi_major_uplift
581747,0.0,SKINCARE,unknown,HIGH_PRIORITY_BUY_REVIEW,25.4,25.5,240,-22.196,-0.925,VERY_LOW,2.178,0.0,0.0,TOP_UP_TO_OPTIMAL,TOP_UP_TO_OPTIMAL,58,economic_roi_major_uplift
46883,0.0,COLOUR COSMETICS,unknown,HIGH_PRIORITY_BUY_REVIEW,28.5,25.5,241,-21.686,-0.904,VERY_LOW,3.2,0.0,0.0,TOP_UP_TO_OPTIMAL,TOP_UP_TO_OPTIMAL,-63,economic_value_major_downgrade
90014,0.0,SKINCARE,unknown,HIGH_PRIORITY_BUY_REVIEW,20.8,25.4,242,10.393,0.433,VERY_LOW,57.078,0.0,3.254,AGGRESSIVE_BUY,AGGRESSIVE_BUY,389,economic_roi_major_uplift
93986,0.0,COLOUR COSMETICS,unknown,HIGH_PRIORITY_BUY_REVIEW,27.8,25.4,243,-24.0,-1.0,VERY_LOW,0.0,-0.0,0.0,TOP_UP_TO_OPTIMAL,TOP_UP_TO_OPTIMAL,-41,economic_value_downgrade
195117,0.0,SKINCARE,unknown,HIGH_PRIORITY_BUY_REVIEW,32.3,25.4,244,-16.926,-0.705,VERY_LOW,10.314,0.0,0.0,TOP_UP_TO_OPTIMAL,TOP_UP_TO_OPTIMAL,-193,economic_value_major_downgrade
195090,0.0,SKINCARE,unknown,HIGH_PRIORITY_BUY_REVIEW,27.9,25.4,245,-12.733,-0.531,VERY_LOW,18.394,0.0,1.153,TOP_UP_TO_OPTIMAL,TOP_UP_TO_OPTIMAL,-45,economic_value_downgrade
199379,0.0,SKINCARE,unknown,HIGH_PRIORITY_BUY_REVIEW,24.8,25.4,246,-18.296,-0.762,VERY_LOW,10.958,0.0,1.033,TOP_UP_TO_OPTIMAL,TOP_UP_TO_OPTIMAL,87,economic_roi_major_uplift
91884,0.0,COLOUR COSMETICS,unknown,HIGH_PRIORITY_BUY_REVIEW,28.1,25.4,247,-22.889,-0.954,VERY_LOW,1.554,0.0,0.0,TOP_UP_TO_OPTIMAL,TOP_UP_TO_OPTIMAL,-53,economic_value_major_downgrade
198717,0.0,COLOUR COSMETICS,unknown,HIGH_PRIORITY_BUY_REVIEW,27.4,25.3,248,-24.0,-1.0,VERY_LOW,0.0,-0.0,0.0,TOP_UP_TO_OPTIMAL,TOP_UP_TO_OPTIMAL,-34,economic_value_downgrade
194047,0.0,SKINCARE,unknown,HIGH_PRIORITY_BUY_REVIEW,28.5,25.3,249,-17.26,-0.719,VERY_LOW,9.394,0.0,0.0,TOP_UP_TO_OPTIMAL,TOP_UP_TO_OPTIMAL,-74,economic_value_major_downgrade
91149,0.0,ORAL HEALTH,unknown,STANDARD_RUN_DOWN_REVIEW,22.4,25.3,250,-17.391,-1.087,VERY_LOW,2.224,0.0,1.205,NO_BUY_RUN_DOWN,NO_BUY_RUN_DOWN,210,economic_roi_major_uplift
90773,0.0,SKINCARE,unknown,HIGH_PRIORITY_BUY_REVIEW,19.1,25.3,251,13.608,0.567,VERY_LOW,17.365,0.0,1.536,AGGRESSIVE_BUY,CONTROLLED_BUY,584,economic_roi_major_uplift
89000,0.0,VITAMIN SUPPLEMENT,unknown,HIGH_PRIORITY_BUY_REVIEW,23.9,25.3,252,-24.782,-1.033,VERY_LOW,28.066,0.0,0.972,TOP_UP_TO_OPTIMAL,TOP_UP_TO_OPTIMAL,115,economic_roi_major_uplift
90063,0.0,COLOUR COSMETICS,unknown,HIGH_PRIORITY_BUY_REVIEW,28.1,25.3,253,-21.02,-0.876,VERY_LOW,4.26,0.0,0.0,TOP_UP_TO_OPTIMAL,TOP_UP_TO_OPTIMAL,-61,economic_value_major_downgrade
185198,0.0,SUNCARE,unknown,STANDARD_RUN_DOWN_REVIEW,18.4,25.3,254,-10.633,-0.665,VERY_LOW,8.465,0.0,1.033,NO_BUY_RUN_DOWN,NO_BUY_RUN_DOWN,639,economic_roi_major_uplift
24925,0.0,SKINCARE,unknown,HIGH_PRIORITY_BUY_REVIEW,28.0,25.3,255,-13.945,-0.581,VERY_LOW,17.565,0.0,1.025,TOP_UP_TO_OPTIMAL,TOP_UP_TO_OPTIMAL,-59,economic_value_major_downgrade
73371,0.0,ORAL HEALTH,unknown,HIGH_PRIORITY_BUY_REVIEW,28.4,25.3,256,-25.795,-1.075,VERY_LOW,6.334,0.0,1.908,TOP_UP_TO_OPTIMAL,TOP_UP_TO_OPTIMAL,-73,economic_value_major_downgrade
88517,0.0,SKINCARE,unknown,HIGH_PRIORITY_BUY_REVIEW,26.2,25.3,257,-31.924,-1.33,VERY_LOW,21.486,0.0,0.0,TOP_UP_TO_OPTIMAL,TOP_UP_TO_OPTIMAL,13,economic_value_uplift
93984,0.0,COLOUR COSMETICS,unknown,HIGH_PRIORITY_BUY_REVIEW,28.3,25.3,258,-20.901,-0.871,VERY_LOW,3.939,0.0,0.0,TOP_UP_TO_OPTIMAL,TOP_UP_TO_OPTIMAL,-70,economic_value_major_downgrade
91441,0.0,HAIRCARE,unknown,STANDARD_BUY_REVIEW,22.9,25.2,259,14.405,0.9,VERY_LOW,20.485,0.0,0.0,TOP_UP_TO_OPTIMAL,TOP_UP_TO_OPTIMAL,157,economic_roi_major_uplift
797588,0.0,SUNCARE,unknown,STANDARD_BUY_REVIEW,28.6,25.2,260,-5.885,-0.368,VERY_LOW,2.312,0.0,0.0,TOP_UP_TO_OPTIMAL,TOP_UP_TO_OPTIMAL,-87,economic_value_major_downgrade
90439,0.0,COLOUR COSMETICS,unknown,HIGH_PRIORITY_BUY_REVIEW,29.2,25.2,261,-19.406,-0.809,VERY_LOW,5.89,0.0,0.0,TOP_UP_TO_OPTIMAL,TOP_UP_TO_OPTIMAL,-104,economic_value_major_downgrade
273694,0.0,SKINCARE,unknown,HIGH_PRIORITY_BUY_REVIEW,27.3,25.2,262,-25.947,-1.081,VERY_LOW,2.403,0.0,1.071,TOP_UP_TO_OPTIMAL,TOP_UP_TO_OPTIMAL,-43,economic_value_downgrade
42830,0.0,SKINCARE,unknown,HIGH_PRIORITY_BUY_REVIEW,24.0,25.2,263,-24.025,-1.001,VERY_LOW,8.944,0.0,1.548,TOP_UP_TO_OPTIMAL,TOP_UP_TO_OPTIMAL,98,economic_roi_major_uplift
65914,0.0,HAIRCARE,unknown,HIGH_PRIORITY_BUY_REVIEW,29.6,25.2,264,-14.392,-0.6,VERY_LOW,10.047,0.0,0.0,TOP_UP_TO_OPTIMAL,TOP_UP_TO_OPTIMAL,-116,economic_value_major_downgrade
192033,0.0,SKINCARE,unknown,HIGH_PRIORITY_BUY_REVIEW,18.1,25.2,265,-9.592,-0.4,VERY_LOW,46.565,0.0,0.0,AGGRESSIVE_BUY,AGGRESSIVE_BUY,660,economic_roi_major_uplift
63361,0.0,SKINCARE,unknown,HIGH_PRIORITY_BUY_REVIEW,20.4,25.2,266,3.681,0.153,VERY_LOW,59.939,0.0,0.0,AGGRESSIVE_BUY,AGGRESSIVE_BUY,425,economic_roi_major_uplift
886149,0.0,SKINCARE,unknown,HIGH_PRIORITY_BUY_REVIEW,24.3,25.2,267,-24.875,-1.036,VERY_LOW,2.691,0.0,1.033,TOP_UP_TO_OPTIMAL,TOP_UP_TO_OPTIMAL,85,economic_roi_major_uplift
64007,0.0,MENS GROOMING,unknown,STANDARD_BUY_REVIEW,16.7,25.2,268,18.77,1.173,LOW,11.395,0.0,0.0,TOP_UP_TO_OPTIMAL,TOP_UP_TO_OPTIMAL,821,economic_roi_major_uplift
192258,0.0,SKINCARE,unknown,STANDARD_BUY_REVIEW,20.9,25.2,269,7.443,0.465,VERY_LOW,21.353,0.0,0.0,TOP_UP_TO_OPTIMAL,TOP_UP_TO_OPTIMAL,360,economic_roi_major_uplift
322083,0.0,SKINCARE,unknown,HIGH_PRIORITY_BUY_REVIEW,27.5,25.2,270,-14.986,-0.624,VERY_LOW,15.813,0.0,1.11,TOP_UP_TO_OPTIMAL,TOP_UP_TO_OPTIMAL,-57,economic_value_major_downgrade
61297,0.0,HAIRCARE,unknown,HIGH_PRIORITY_BUY_REVIEW,28.9,25.2,271,-19.261,-0.803,VERY_LOW,5.074,0.0,0.0,TOP_UP_TO_OPTIMAL,TOP_UP_TO_OPTIMAL,-104,economic_value_major_downgrade
32641,0.0,SKINCARE,unknown,HIGH_PRIORITY_BUY_REVIEW,27.6,25.2,272,-15.205,-0.634,VERY_LOW,15.744,0.0,1.068,TOP_UP_TO_OPTIMAL,TOP_UP_TO_OPTIMAL,-62,economic_value_major_downgrade
96483,0.0,COLOUR COSMETICS,unknown,HIGH_PRIORITY_BUY_REVIEW,28.7,25.2,273,-18.184,-0.758,VERY_LOW,7.363,0.0,0.0,TOP_UP_TO_OPTIMAL,TOP_UP_TO_OPTIMAL,-102,economic_value_major_downgrade
68101,0.0,VITAMIN SUPPLEMENT,unknown,HIGH_PRIORITY_BUY_REVIEW,24.9,25.1,274,-31.734,-1.322,VERY_LOW,17.266,0.0,0.0,TOP_UP_TO_OPTIMAL,TOP_UP_TO_OPTIMAL,49,economic_value_uplift
94565,0.0,COLOUR COSMETICS,unknown,HIGH_PRIORITY_BUY_REVIEW,28.1,25.1,275,-21.507,-0.896,VERY_LOW,3.379,0.0,0.0,TOP_UP_TO_OPTIMAL,TOP_UP_TO_OPTIMAL,-82,economic_value_major_downgrade
43839,0.0,SKINCARE,unknown,HIGH_PRIORITY_BUY_REVIEW,15.1,25.1,276,20.095,0.837,VERY_LOW,81.056,0.0,0.0,AGGRESSIVE_BUY,AGGRESSIVE_BUY,1038,economic_roi_major_uplift
88064,0.0,SKINCARE,unknown,HIGH_PRIORITY_BUY_REVIEW,24.2,25.1,277,-28.522,-1.188,VERY_LOW,27.995,0.0,1.205,TOP_UP_TO_OPTIMAL,TOP_UP_TO_OPTIMAL,79,economic_roi_major_uplift
194040,0.0,SKINCARE,unknown,HIGH_PRIORITY_BUY_REVIEW,28.3,25.1,278,-7.184,-0.299,VERY_LOW,27.43,0.0,1.071,TOP_UP_TO_OPTIMAL,TOP_UP_TO_OPTIMAL,-92,economic_value_major_downgrade
606421,0.0,VITAMIN SUPPLEMENT,unknown,STANDARD_BUY_REVIEW,13.8,25.1,279,77.1,4.819,LOW,0.0,75.1,0.0,CONTROLLED_BUY,CONTROLLED_BUY,1191,economic_roi_major_uplift
184839,0.0,SKINCARE,unknown,HIGH_PRIORITY_BUY_REVIEW,27.1,25.1,280,-15.725,-0.655,VERY_LOW,14.316,0.0,1.205,TOP_UP_TO_OPTIMAL,TOP_UP_TO_OPTIMAL,-54,economic_value_major_downgrade
43994,0.0,COUGH COLD,unknown,STANDARD_BUY_REVIEW,23.0,25.1,281,-25.454,-1.591,VERY_LOW,3.441,0.0,0.0,TOP_UP_TO_OPTIMAL,TOP_UP_TO_OPTIMAL,133,economic_roi_major_uplift
61294,0.0,HAIRCARE,unknown,HIGH_PRIORITY_BUY_REVIEW,29.2,25.1,282,-19.713,-0.821,VERY_LOW,4.645,0.0,0.0,TOP_UP_TO_OPTIMAL,TOP_UP_TO_OPTIMAL,-123,economic_value_major_downgrade
88519,0.0,SKINCARE,unknown,HIGH_PRIORITY_BUY_REVIEW,23.5,25.1,283,-26.636,-1.11,VERY_LOW,30.983,0.0,1.205,TOP_UP_TO_OPTIMAL,TOP_UP_TO_OPTIMAL,104,economic_roi_major_uplift
189728,0.0,ORAL HEALTH,unknown,HIGH_PRIORITY_BUY_REVIEW,20.7,25.1,284,6.09,0.254,VERY_LOW,42.256,0.0,2.644,AGGRESSIVE_BUY,AGGRESSIVE_BUY,372,economic_roi_major_uplift
199957,0.0,SKINCARE,unknown,HIGH_PRIORITY_BUY_REVIEW,21.0,25.0,285,2.994,0.125,VERY_LOW,44.626,0.0,2.541,AGGRESSIVE_BUY,AGGRESSIVE_BUY,312,economic_roi_major_uplift
89873,0.0,FRAGRANCE,unknown,STANDARD_BUY_REVIEW,27.1,25.0,286,1.038,0.065,VERY_LOW,30.502,0.0,0.0,TOP_UP_TO_OPTIMAL,TOP_UP_TO_OPTIMAL,-62,economic_value_major_downgrade
190065,0.0,BEAUTY ACCESSORIES,unknown,HIGH_PRIORITY_BUY_REVIEW,29.1,25.0,287,-20.591,-0.858,VERY_LOW,3.814,0.0,0.0,TOP_UP_TO_OPTIMAL,TOP_UP_TO_OPTIMAL,-125,economic_value_major_downgrade
193696,0.0,COLOUR COSMETICS,unknown,HIGH_PRIORITY_BUY_REVIEW,27.6,25.0,288,-17.878,-0.745,VERY_LOW,7.62,0.0,0.0,TOP_UP_TO_OPTIMAL,TOP_UP_TO_OPTIMAL,-80,economic_value_major_downgrade
195046,0.0,SKINCARE,unknown,HIGH_PRIORITY_BUY_REVIEW,28.4,25.0,289,-19.388,-0.808,VERY_LOW,5.775,0.0,0.0,TOP_UP_TO_OPTIMAL,TOP_UP_TO_OPTIMAL,-108,economic_value_major_downgrade
198731,0.0,COLOUR COSMETICS,unknown,HIGH_PRIORITY_BUY_REVIEW,27.6,25.0,290,-17.68,-0.737,VERY_LOW,7.867,0.0,0.0,TOP_UP_TO_OPTIMAL,TOP_UP_TO_OPTIMAL,-81,economic_value_major_downgrade
88081,0.0,SKINCARE,unknown,STANDARD_BUY_REVIEW,16.4,25.0,291,54.995,3.437,LOW,42.391,0.0,0.0,CONTROLLED_BUY,CONTROLLED_BUY,839,economic_roi_major_uplift
92237,0.0,HAIRCARE,unknown,STANDARD_RUN_DOWN_REVIEW,18.4,25.0,292,-15.406,-0.963,VERY_LOW,28.692,0.0,1.033,NO_BUY_RUN_DOWN,NO_BUY_RUN_DOWN,606,economic_roi_major_uplift
90111,0.0,COLOUR COSMETICS,unknown,HIGH_PRIORITY_BUY_REVIEW,28.0,25.0,293,-19.161,-0.798,VERY_LOW,6.311,0.0,0.0,TOP_UP_TO_OPTIMAL,TOP_UP_TO_OPTIMAL,-95,economic_value_major_downgrade
90155,0.0,COLOUR COSMETICS,unknown,HIGH_PRIORITY_BUY_REVIEW,28.2,24.9,294,-21.874,-0.911,VERY_LOW,3.165,0.0,0.0,TOP_UP_TO_OPTIMAL,TOP_UP_TO_OPTIMAL,-105,economic_value_major_downgrade
184860,0.0,ORAL HEALTH,unknown,HIGH_PRIORITY_BUY_REVIEW,25.2,24.9,295,-34.908,-1.455,VERY_LOW,14.092,0.0,0.0,TOP_UP_TO_OPTIMAL,TOP_UP_TO_OPTIMAL,10,economic_value_uplift
193285,0.0,COLOUR COSMETICS,unknown,HIGH_PRIORITY_BUY_REVIEW,27.3,24.9,296,-19.394,-0.808,VERY_LOW,5.951,0.0,0.0,TOP_UP_TO_OPTIMAL,TOP_UP_TO_OPTIMAL,-79,economic_value_major_downgrade
63386,0.0,SKINCARE,unknown,STANDARD_BUY_REVIEW,27.6,24.9,297,-7.769,-0.486,VERY_LOW,12.651,0.0,0.0,TOP_UP_TO_OPTIMAL,TOP_UP_TO_OPTIMAL,-90,economic_value_major_downgrade
191181,0.0,COLOUR COSMETICS,unknown,HIGH_PRIORITY_BUY_REVIEW,27.5,24.9,298,-19.464,-0.811,VERY_LOW,6.218,0.0,0.0,TOP_UP_TO_OPTIMAL,TOP_UP_TO_OPTIMAL,-86,economic_value_major_downgrade
199068,0.0,COLOUR COSMETICS,unknown,HIGH_PRIORITY_BUY_REVIEW,28.4,24.9,299,-21.748,-0.906,VERY_LOW,3.354,0.0,0.0,TOP_UP_TO_OPTIMAL,TOP_UP_TO_OPTIMAL,-120,economic_value_major_downgrade
68375,0.0,SKINCARE,unknown,HIGH_PRIORITY_BUY_REVIEW,23.7,24.9,300,-20.396,-0.85,VERY_LOW,8.531,0.0,1.033,TOP_UP_TO_OPTIMAL,TOP_UP_TO_OPTIMAL,78,economic_roi_major_uplift
87419,0.0,SKINCARE,unknown,HIGH_PRIORITY_BUY_REVIEW,24.8,24.9,301,-34.408,-1.434,VERY_LOW,17.94,0.0,0.0,TOP_UP_TO_OPTIMAL,TOP_UP_TO_OPTIMAL,30,economic_value_uplift
15826,0.0,COLOUR COSMETICS,unknown,HIGH_PRIORITY_BUY_REVIEW,27.1,24.9,302,-21.239,-0.885,VERY_LOW,3.539,0.0,0.0,TOP_UP_TO_OPTIMAL,TOP_UP_TO_OPTIMAL,-77,economic_value_major_downgrade
87470,0.0,SKINCARE,unknown,HIGH_PRIORITY_BUY_REVIEW,22.8,24.9,303,-2.875,-0.12,VERY_LOW,6.616,0.0,0.0,TOP_UP_TO_OPTIMAL,TOP_UP_TO_OPTIMAL,129,economic_roi_major_uplift
198294,0.0,SKINCARE,unknown,HIGH_PRIORITY_BUY_REVIEW,25.0,24.9,304,-17.291,-0.72,VERY_LOW,8.865,0.0,0.0,TOP_UP_TO_OPTIMAL,TOP_UP_TO_OPTIMAL,16,economic_value_uplift
229342,0.0,COLOUR COSMETICS,unknown,HIGH_PRIORITY_BUY_REVIEW,28.0,24.9,305,-21.093,-0.879,VERY_LOW,3.701,0.0,0.0,TOP_UP_TO_OPTIMAL,TOP_UP_TO_OPTIMAL,-108,economic_value_major_downgrade
95450,0.0,DEODORANTS,unknown,HIGH_PRIORITY_BUY_REVIEW,24.4,24.9,306,-32.556,-1.356,VERY_LOW,16.444,0.0,0.0,TOP_UP_TO_OPTIMAL,TOP_UP_TO_OPTIMAL,45,economic_value_uplift
96446,0.0,COLOUR COSMETICS,unknown,HIGH_PRIORITY_BUY_REVIEW,27.8,24.9,307,-20.155,-0.84,VERY_LOW,4.863,0.0,0.0,TOP_UP_TO_OPTIMAL,TOP_UP_TO_OPTIMAL,-104,economic_value_major_downgrade
96503,0.0,COLOUR COSMETICS,unknown,HIGH_PRIORITY_BUY_REVIEW,28.4,24.9,308,-21.736,-0.906,VERY_LOW,3.371,0.0,0.0,TOP_UP_TO_OPTIMAL,TOP_UP_TO_OPTIMAL,-124,economic_value_major_downgrade
193413,0.0,SKINCARE,unknown,HIGH_PRIORITY_BUY_REVIEW,26.1,24.8,309,-13.841,-0.577,VERY_LOW,14.378,0.0,0.0,TOP_UP_TO_OPTIMAL,TOP_UP_TO_OPTIMAL,-38,economic_value_downgrade
87761,0.0,SKINCARE,unknown,HIGH_PRIORITY_BUY_REVIEW,24.8,24.8,310,-10.491,-0.437,VERY_LOW,23.515,0.0,1.033,TOP_UP_TO_OPTIMAL,TOP_UP_TO_OPTIMAL,18,economic_value_uplift
88517,0.0,SKINCARE,unknown,HIGH_PRIORITY_BUY_REVIEW,22.2,24.8,311,-28.936,-1.206,VERY_LOW,33.565,0.0,1.651,TOP_UP_TO_OPTIMAL,TOP_UP_TO_OPTIMAL,166,economic_roi_major_uplift
974374,0.0,COLOUR COSMETICS,unknown,HIGH_PRIORITY_BUY_REVIEW,27.3,24.8,312,-21.498,-0.896,VERY_LOW,3.298,0.0,0.0,TOP_UP_TO_OPTIMAL,TOP_UP_TO_OPTIMAL,-94,economic_value_major_downgrade
195044,0.0,SKINCARE,unknown,HIGH_PRIORITY_BUY_REVIEW,27.2,24.8,313,-20.548,-0.856,VERY_LOW,4.125,0.0,0.0,TOP_UP_TO_OPTIMAL,TOP_UP_TO_OPTIMAL,-90,economic_value_major_downgrade
196291,0.0,HAIRCARE,unknown,HIGH_PRIORITY_BUY_REVIEW,24.2,24.8,314,-35.241,-1.468,VERY_LOW,13.759,0.0,0.0,TOP_UP_TO_OPTIMAL,TOP_UP_TO_OPTIMAL,40,economic_value_uplift
385948,0.0,INCONTINENCE,unknown,HIGH_PRIORITY_BUY_REVIEW,23.2,24.8,315,-31.826,-1.326,VERY_LOW,5.296,12.12,0.0,TOP_UP_TO_OPTIMAL,TOP_UP_TO_OPTIMAL,87,economic_roi_major_uplift
542027,0.0,COLOUR COSMETICS,unknown,HIGH_PRIORITY_BUY_REVIEW,26.9,24.8,316,-20.624,-0.859,VERY_LOW,4.27,0.0,0.0,TOP_UP_TO_OPTIMAL,TOP_UP_TO_OPTIMAL,-83,economic_value_major_downgrade
68267,0.0,TANNING,unknown,HIGH_PRIORITY_BUY_REVIEW,25.2,24.8,317,-10.882,-0.453,VERY_LOW,13.118,0.0,0.0,TOP_UP_TO_OPTIMAL,TOP_UP_TO_OPTIMAL,-5,not_in_review_queue
70432,0.0,COLOUR COSMETICS,unknown,HIGH_PRIORITY_BUY_REVIEW,26.9,24.8,318,-20.184,-0.841,VERY_LOW,4.71,0.0,0.0,TOP_UP_TO_OPTIMAL,TOP_UP_TO_OPTIMAL,-84,economic_value_major_downgrade
73217,0.0,SKINCARE,unknown,HIGH_PRIORITY_BUY_REVIEW,26.6,24.8,319,-18.709,-0.78,VERY_LOW,10.648,0.0,1.205,TOP_UP_TO_OPTIMAL,TOP_UP_TO_OPTIMAL,-68,economic_value_major_downgrade
15826,0.0,COLOUR COSMETICS,unknown,HIGH_PRIORITY_BUY_REVIEW,27.0,24.8,320,-20.211,-0.842,VERY_LOW,5.026,0.0,0.0,TOP_UP_TO_OPTIMAL,TOP_UP_TO_OPTIMAL,-92,economic_value_major_downgrade
96454,0.0,COLOUR COSMETICS,unknown,HIGH_PRIORITY_BUY_REVIEW,27.0,24.8,321,-20.155,-0.84,VERY_LOW,4.863,0.0,0.0,TOP_UP_TO_OPTIMAL,TOP_UP_TO_OPTIMAL,-92,economic_value_major_downgrade
193713,0.0,SKINCARE,unknown,HIGH_PRIORITY_BUY_REVIEW,16.2,24.7,322,5.983,0.249,VERY_LOW,82.495,0.0,0.0,CONTROLLED_BUY,CONTROLLED_BUY,826,economic_roi_major_uplift
193504,0.0,VITAMIN SUPPLEMENT,unknown,HIGH_PRIORITY_BUY_REVIEW,24.5,24.7,323,-36.866,-1.536,VERY_LOW,12.134,0.0,0.0,TOP_UP_TO_OPTIMAL,TOP_UP_TO_OPTIMAL,14,economic_value_uplift
189857,0.0,COLOUR COSMETICS,unknown,HIGH_PRIORITY_BUY_REVIEW,26.8,24.7,324,-20.527,-0.855,VERY_LOW,1.503,2.51,0.0,TOP_UP_TO_OPTIMAL,TOP_UP_TO_OPTIMAL,-87,economic_value_major_downgrade
193317,0.0,COLOUR COSMETICS,unknown,HIGH_PRIORITY_BUY_REVIEW,26.9,24.7,325,-20.906,-0.871,VERY_LOW,4.039,0.0,0.0,TOP_UP_TO_OPTIMAL,TOP_UP_TO_OPTIMAL,-95,economic_value_major_downgrade
234931,0.0,SKINCARE,unknown,HIGH_PRIORITY_BUY_REVIEW,27.2,24.7,326,-21.702,-0.904,VERY_LOW,2.97,0.0,0.0,TOP_UP_TO_OPTIMAL,TOP_UP_TO_OPTIMAL,-105,economic_value_major_downgrade
379395,0.0,VITAMIN SUPPLEMENT,unknown,HIGH_PRIORITY_BUY_REVIEW,23.1,24.7,327,-32.75,-1.365,VERY_LOW,16.25,0.0,0.0,TOP_UP_TO_OPTIMAL,TOP_UP_TO_OPTIMAL,78,economic_roi_major_uplift
199068,0.0,COLOUR COSMETICS,unknown,STANDARD_BUY_REVIEW,27.4,24.7,328,-3.671,-0.229,VERY_LOW,2.317,11.93,0.0,TOP_UP_TO_OPTIMAL,TOP_UP_TO_OPTIMAL,-112,economic_value_major_downgrade
341143,0.0,COLOUR COSMETICS,unknown,HIGH_PRIORITY_BUY_REVIEW,26.8,24.7,329,-21.19,-0.883,VERY_LOW,3.604,0.0,0.0,TOP_UP_TO_OPTIMAL,TOP_UP_TO_OPTIMAL,-89,economic_value_major_downgrade
400734,0.0,SKINCARE,unknown,STANDARD_RUN_DOWN_REVIEW,18.1,24.7,330,-18.877,-1.18,VERY_LOW,6.804,0.0,1.506,NO_BUY_RUN_DOWN,NO_BUY_RUN_DOWN,598,economic_roi_major_uplift
94000,0.0,COLOUR COSMETICS,unknown,HIGH_PRIORITY_BUY_REVIEW,26.9,24.7,331,-20.875,-0.87,VERY_LOW,4.011,0.0,0.0,TOP_UP_TO_OPTIMAL,TOP_UP_TO_OPTIMAL,-95,economic_value_major_downgrade
194021,0.0,SKINCARE,unknown,HIGH_PRIORITY_BUY_REVIEW,25.0,24.6,332,-11.521,-0.48,VERY_LOW,24.839,0.0,0.804,TOP_UP_TO_OPTIMAL,TOP_UP_TO_OPTIMAL,-13,economic_value_downgrade
191997,0.0,SKINCARE,unknown,HIGH_PRIORITY_BUY_REVIEW,23.2,24.6,333,-20.603,-0.858,VERY_LOW,8.407,0.0,1.033,TOP_UP_TO_OPTIMAL,TOP_UP_TO_OPTIMAL,66,economic_roi_major_uplift
198463,0.0,SKINCARE,unknown,STANDARD_BUY_REVIEW,14.2,24.6,334,14.909,0.932,VERY_LOW,21.05,0.0,0.0,TOP_UP_TO_OPTIMAL,TOP_UP_TO_OPTIMAL,1091,economic_roi_major_uplift
65586,0.0,SKINCARE,unknown,HIGH_PRIORITY_BUY_REVIEW,24.0,24.6,335,-12.981,-0.541,VERY_LOW,19.985,0.0,1.033,TOP_UP_TO_OPTIMAL,TOP_UP_TO_OPTIMAL,27,economic_value_uplift
16527,0.0,SKINCARE,unknown,HIGH_PRIORITY_BUY_REVIEW,27.3,24.6,336,-18.323,-0.763,VERY_LOW,7.455,0.0,0.0,TOP_UP_TO_OPTIMAL,TOP_UP_TO_OPTIMAL,-116,economic_value_major_downgrade
745111,0.0,SKINCARE,unknown,HIGH_PRIORITY_BUY_REVIEW,26.1,24.6,337,-21.547,-0.898,VERY_LOW,7.378,0.0,1.205,TOP_UP_TO_OPTIMAL,TOP_UP_TO_OPTIMAL,-64,economic_value_major_downgrade
90167,0.0,COLOUR COSMETICS,unknown,HIGH_PRIORITY_BUY_REVIEW,26.7,24.6,338,-21.935,-0.914,VERY_LOW,3.075,0.0,0.0,TOP_UP_TO_OPTIMAL,TOP_UP_TO_OPTIMAL,-94,economic_value_major_downgrade
41516,0.0,ORAL HEALTH,unknown,HIGH_PRIORITY_BUY_REVIEW,23.1,24.6,339,-9.417,-0.392,VERY_LOW,18.891,0.0,1.205,AGGRESSIVE_BUY,AGGRESSIVE_BUY,69,economic_roi_major_uplift
89769,0.0,TANNING,unknown,STANDARD_RUN_DOWN_REVIEW,17.2,24.6,340,-11.468,-0.717,VERY_LOW,13.268,0.0,0.904,NO_BUY_RUN_DOWN,NO_BUY_RUN_DOWN,702,economic_roi_major_uplift
95872,0.0,COLOUR COSMETICS,unknown,HIGH_PRIORITY_BUY_REVIEW,26.6,24.6,341,-22.8,-0.95,VERY_LOW,1.789,0.0,0.0,TOP_UP_TO_OPTIMAL,TOP_UP_TO_OPTIMAL,-89,economic_value_major_downgrade
96452,0.0,COLOUR COSMETICS,unknown,HIGH_PRIORITY_BUY_REVIEW,26.7,24.6,342,-21.918,-0.913,VERY_LOW,3.1,0.0,0.0,TOP_UP_TO_OPTIMAL,TOP_UP_TO_OPTIMAL,-95,economic_value_major_downgrade
15186,0.0,SUNCARE,unknown,STANDARD_RUN_DOWN_REVIEW,21.7,24.5,343,-32.246,-2.015,VERY_LOW,15.708,0.0,1.997,NO_BUY_RUN_DOWN,NO_BUY_RUN_DOWN,181,economic_roi_major_uplift
193711,0.0,SUNCARE,unknown,HIGH_PRIORITY_BUY_REVIEW,22.1,24.5,344,-33.905,-1.413,VERY_LOW,18.905,0.0,1.01,TOP_UP_TO_OPTIMAL,TOP_UP_TO_OPTIMAL,142,economic_roi_major_uplift
198934,0.0,BEAUTY ACCESSORIES,unknown,HIGH_PRIORITY_BUY_REVIEW,27.9,24.5,345,-16.519,-0.688,VERY_LOW,7.907,0.0,0.0,TOP_UP_TO_OPTIMAL,TOP_UP_TO_OPTIMAL,-146,economic_value_major_downgrade
67283,0.0,NUTRITION WELLBEIN,unknown,HIGH_PRIORITY_BUY_REVIEW,22.5,24.5,346,-36.07,-1.503,VERY_LOW,12.93,0.0,0.0,TOP_UP_TO_OPTIMAL,TOP_UP_TO_OPTIMAL,103,economic_roi_major_uplift
74330,0.0,HAIRCARE,unknown,HIGH_PRIORITY_BUY_REVIEW,26.7,24.5,347,-22.326,-0.93,VERY_LOW,2.568,0.0,0.0,TOP_UP_TO_OPTIMAL,TOP_UP_TO_OPTIMAL,-105,economic_value_major_downgrade
91017,0.0,COLOUR COSMETICS,unknown,HIGH_PRIORITY_BUY_REVIEW,26.4,24.5,348,-23.104,-0.963,VERY_LOW,1.339,0.0,0.0,TOP_UP_TO_OPTIMAL,TOP_UP_TO_OPTIMAL,-87,economic_value_major_downgrade
15826,0.0,COLOUR COSMETICS,unknown,HIGH_PRIORITY_BUY_REVIEW,26.6,24.5,349,-18.196,-0.758,VERY_LOW,2.147,4.723,0.0,TOP_UP_TO_OPTIMAL,TOP_UP_TO_OPTIMAL,-101,economic_value_major_downgrade
4995,0.0,HAIRCARE,unknown,STANDARD_BUY_REVIEW,19.7,24.5,350,-1.575,-0.098,VERY_LOW,11.075,0.0,0.0,TOP_UP_TO_OPTIMAL,TOP_UP_TO_OPTIMAL,409,economic_roi_major_uplift
88458,0.0,COLOUR COSMETICS,unknown,HIGH_PRIORITY_BUY_REVIEW,26.7,24.5,351,-18.329,-0.764,VERY_LOW,7.755,0.0,0.0,TOP_UP_TO_OPTIMAL,TOP_UP_TO_OPTIMAL,-108,economic_value_major_downgrade
420950,0.0,HAIRCARE,unknown,HIGH_PRIORITY_BUY_REVIEW,26.0,24.5,352,-21.888,-0.912,VERY_LOW,7.007,0.0,1.196,TOP_UP_TO_OPTIMAL,TOP_UP_TO_OPTIMAL,-76,economic_value_major_downgrade
88229,0.0,DEODORANTS,unknown,STANDARD_BUY_REVIEW,22.3,24.5,353,-34.6,-2.162,VERY_LOW,1.855,0.0,0.0,TOP_UP_TO_OPTIMAL,TOP_UP_TO_OPTIMAL,120,economic_roi_major_uplift
190138,0.0,HAIRCARE,unknown,HIGH_PRIORITY_BUY_REVIEW,24.0,24.5,354,-13.48,-0.562,VERY_LOW,10.846,0.0,0.0,TOP_UP_TO_OPTIMAL,TOP_UP_TO_OPTIMAL,9,not_in_review_queue
191996,0.0,SKINCARE,unknown,HIGH_PRIORITY_BUY_REVIEW,23.4,24.5,355,-11.709,-0.488,VERY_LOW,15.906,0.0,1.205,TOP_UP_TO_OPTIMAL,TOP_UP_TO_OPTIMAL,38,economic_value_uplift
64520,0.0,HAIRCARE,unknown,STANDARD_BUY_REVIEW,12.3,24.5,356,17.288,1.08,LOW,20.28,0.0,1.205,TOP_UP_TO_OPTIMAL,TOP_UP_TO_OPTIMAL,1296,economic_roi_major_uplift
87452,0.0,SKINCARE,unknown,STANDARD_BUY_REVIEW,20.3,24.5,357,51.352,3.21,LOW,0.0,0.0,0.0,TOP_UP_TO_OPTIMAL,TOP_UP_TO_OPTIMAL,353,economic_roi_major_uplift
188833,0.0,SKINCARE,unknown,HIGH_PRIORITY_BUY_REVIEW,20.2,24.4,358,-5.285,-0.22,VERY_LOW,61.345,0.0,0.0,AGGRESSIVE_BUY,AGGRESSIVE_BUY,354,economic_roi_major_uplift
195081,0.0,SKINCARE,unknown,HIGH_PRIORITY_BUY_REVIEW,23.0,24.4,359,-11.005,-0.459,VERY_LOW,21.476,0.0,0.947,TOP_UP_TO_OPTIMAL,TOP_UP_TO_OPTIMAL,50,economic_roi_major_uplift
65557,0.0,SKINCARE,unknown,STANDARD_BUY_REVIEW,27.0,24.4,360,-0.973,-0.061,VERY_LOW,35.639,0.0,1.248,CONTROLLED_BUY,CONTROLLED_BUY,-133,economic_value_major_downgrade
184859,0.0,ORAL HEALTH,unknown,HIGH_PRIORITY_BUY_REVIEW,22.2,24.4,361,-37.233,-1.551,VERY_LOW,11.767,0.0,0.0,TOP_UP_TO_OPTIMAL,TOP_UP_TO_OPTIMAL,117,economic_roi_major_uplift
198763,0.0,COLOUR COSMETICS,unknown,HIGH_PRIORITY_BUY_REVIEW,25.6,24.4,362,-39.711,-1.655,VERY_LOW,12.008,0.0,0.0,TOP_UP_TO_OPTIMAL,TOP_UP_TO_OPTIMAL,-73,economic_value_major_downgrade
90043,0.0,SKINCARE,unknown,HIGH_PRIORITY_BUY_REVIEW,22.9,24.4,363,-37.396,-1.558,VERY_LOW,14.45,0.0,0.0,TOP_UP_TO_OPTIMAL,TOP_UP_TO_OPTIMAL,57,economic_roi_major_uplift
190208,0.0,HAIR ACC BRUSHES,unknown,HIGH_PRIORITY_BUY_REVIEW,22.5,24.4,364,-36.946,-1.539,VERY_LOW,12.054,0.0,0.0,TOP_UP_TO_OPTIMAL,TOP_UP_TO_OPTIMAL,86,economic_roi_major_uplift
190871,0.0,COLOUR COSMETICS,unknown,HIGH_PRIORITY_BUY_REVIEW,23.5,24.4,365,-40.077,-1.67,VERY_LOW,11.447,0.0,0.0,TOP_UP_TO_OPTIMAL,TOP_UP_TO_OPTIMAL,18,economic_value_uplift
196016,0.0,HAIRCARE,unknown,HIGH_PRIORITY_BUY_REVIEW,21.7,24.4,366,-34.594,-1.441,VERY_LOW,18.021,0.0,1.205,TOP_UP_TO_OPTIMAL,TOP_UP_TO_OPTIMAL,164,economic_roi_major_uplift
65557,0.0,SKINCARE,unknown,STANDARD_RUN_DOWN_REVIEW,19.3,24.4,367,3.68,0.23,VERY_LOW,32.246,0.0,1.205,NO_BUY_RUN_DOWN,NO_BUY_RUN_DOWN,448,economic_roi_major_uplift
91533,0.0,HAIRCARE,unknown,STANDARD_BUY_REVIEW,16.9,24.4,368,54.615,3.413,LOW,0.0,98.231,0.0,TOP_UP_TO_OPTIMAL,TOP_UP_TO_OPTIMAL,702,economic_roi_major_uplift
57385,0.0,DIGESTIVE CARE,unknown,HIGH_PRIORITY_BUY_REVIEW,23.6,24.4,369,-40.827,-1.701,VERY_LOW,8.173,0.0,0.0,TOP_UP_TO_OPTIMAL,TOP_UP_TO_OPTIMAL,11,economic_value_uplift
199948,0.0,SKINCARE,unknown,HIGH_PRIORITY_BUY_REVIEW,25.6,24.4,370,-24.058,-1.002,VERY_LOW,4.23,0.0,1.205,TOP_UP_TO_OPTIMAL,TOP_UP_TO_OPTIMAL,-80,economic_value_major_downgrade
198717,0.0,COLOUR COSMETICS,unknown,HIGH_PRIORITY_BUY_REVIEW,26.5,24.4,371,-22.327,-0.93,VERY_LOW,2.559,0.0,0.0,TOP_UP_TO_OPTIMAL,TOP_UP_TO_OPTIMAL,-113,economic_value_major_downgrade
60950,0.0,SKINCARE,unknown,HIGH_PRIORITY_BUY_REVIEW,26.9,24.4,372,-21.726,-0.905,VERY_LOW,2.71,0.0,0.0,TOP_UP_TO_OPTIMAL,TOP_UP_TO_OPTIMAL,-137,economic_value_major_downgrade
90972,0.0,HAIRCARE,unknown,HIGH_PRIORITY_BUY_REVIEW,23.2,24.4,373,-39.07,-1.628,VERY_LOW,9.93,0.0,0.0,TOP_UP_TO_OPTIMAL,TOP_UP_TO_OPTIMAL,30,economic_value_uplift
73094,0.0,SKINCARE,unknown,HIGH_PRIORITY_BUY_REVIEW,23.3,24.4,374,-39.198,-1.633,VERY_LOW,12.142,0.0,0.0,TOP_UP_TO_OPTIMAL,TOP_UP_TO_OPTIMAL,24,economic_value_uplift
199407,0.0,SKINCARE,unknown,HIGH_PRIORITY_BUY_REVIEW,22.9,24.4,375,-11.241,-0.468,VERY_LOW,7.461,6.88,0.0,TOP_UP_TO_OPTIMAL,TOP_UP_TO_OPTIMAL,51,economic_roi_major_uplift
95877,0.0,COLOUR COSMETICS,unknown,HIGH_PRIORITY_BUY_REVIEW,25.8,24.4,376,-22.8,-0.95,VERY_LOW,1.789,0.0,0.0,TOP_UP_TO_OPTIMAL,TOP_UP_TO_OPTIMAL,-91,economic_value_major_downgrade
679024,0.0,SKINCARE,unknown,HIGH_PRIORITY_BUY_REVIEW,23.3,24.3,377,-20.19,-0.841,VERY_LOW,6.789,0.0,0.129,CONTROLLED_BUY,CONTROLLED_BUY,18,economic_value_uplift
116745,0.0,COLOUR COSMETICS,unknown,HIGH_PRIORITY_BUY_REVIEW,22.4,24.3,378,-38.627,-1.609,VERY_LOW,12.671,0.0,0.0,TOP_UP_TO_OPTIMAL,TOP_UP_TO_OPTIMAL,78,economic_roi_major_uplift
94287,0.0,SKINCARE,unknown,HIGH_PRIORITY_BUY_REVIEW,23.0,24.3,379,-16.107,-0.671,VERY_LOW,15.556,0.0,1.033,TOP_UP_TO_OPTIMAL,TOP_UP_TO_OPTIMAL,31,economic_value_uplift
74656,0.0,VITAMIN SUPPLEMENT,unknown,HIGH_PRIORITY_BUY_REVIEW,23.4,24.3,380,-40.689,-1.695,VERY_LOW,8.311,0.0,0.0,TOP_UP_TO_OPTIMAL,TOP_UP_TO_OPTIMAL,10,economic_value_uplift
18512,0.0,SUNCARE,unknown,STANDARD_BUY_REVIEW,13.1,24.3,381,66.205,4.138,LOW,0.0,62.243,0.0,CONTROLLED_BUY,CONTROLLED_BUY,1173,economic_roi_major_uplift
385395,0.0,SKINCARE,unknown,HIGH_PRIORITY_BUY_REVIEW,22.9,24.3,382,-18.986,-0.791,VERY_LOW,11.095,0.0,1.119,CONTROLLED_BUY,CONTROLLED_BUY,40,economic_value_uplift
90903,0.0,SKINCARE,unknown,HIGH_PRIORITY_BUY_REVIEW,21.1,24.3,383,-35.272,-1.47,VERY_LOW,16.945,0.0,0.092,TOP_UP_TO_OPTIMAL,TOP_UP_TO_OPTIMAL,210,economic_roi_major_uplift
93563,0.0,VITAMIN SUPPLEMENT,unknown,HIGH_PRIORITY_BUY_REVIEW,22.2,24.3,384,-35.664,-1.486,VERY_LOW,13.336,0.0,0.0,TOP_UP_TO_OPTIMAL,TOP_UP_TO_OPTIMAL,98,economic_roi_major_uplift
67895,0.0,SKINCARE,unknown,HIGH_PRIORITY_BUY_REVIEW,25.4,24.3,385,-25.382,-1.058,VERY_LOW,2.908,0.0,1.102,TOP_UP_TO_OPTIMAL,TOP_UP_TO_OPTIMAL,-88,economic_value_major_downgrade
197355,0.0,HAIR ACC BRUSHES,unknown,HIGH_PRIORITY_BUY_REVIEW,23.5,24.3,386,-41.718,-1.738,VERY_LOW,7.282,0.0,0.0,TOP_UP_TO_OPTIMAL,TOP_UP_TO_OPTIMAL,-1,not_in_review_queue
61392,0.0,COLOUR COSMETICS,unknown,HIGH_PRIORITY_BUY_REVIEW,22.0,24.3,387,-37.54,-1.564,VERY_LOW,18.888,0.0,1.104,TOP_UP_TO_OPTIMAL,TOP_UP_TO_OPTIMAL,112,economic_roi_major_uplift
62123,0.0,HAIRCARE,unknown,HIGH_PRIORITY_BUY_REVIEW,22.6,24.3,388,-39.523,-1.647,VERY_LOW,9.477,0.0,0.0,TOP_UP_TO_OPTIMAL,TOP_UP_TO_OPTIMAL,56,economic_roi_major_uplift
67859,0.0,HAIRCARE,unknown,HIGH_PRIORITY_BUY_REVIEW,25.9,24.3,389,-21.335,-0.889,VERY_LOW,3.618,0.0,0.0,TOP_UP_TO_OPTIMAL,TOP_UP_TO_OPTIMAL,-108,economic_value_major_downgrade
88066,0.0,SKINCARE,unknown,HIGH_PRIORITY_BUY_REVIEW,21.6,24.3,390,-36.804,-1.534,VERY_LOW,18.644,0.0,1.205,TOP_UP_TO_OPTIMAL,TOP_UP_TO_OPTIMAL,151,economic_roi_major_uplift
91155,0.0,ORAL HEALTH,unknown,HIGH_PRIORITY_BUY_REVIEW,26.8,24.3,391,-16.41,-0.684,VERY_LOW,2.92,0.0,0.0,TOP_UP_TO_OPTIMAL,TOP_UP_TO_OPTIMAL,-153,economic_value_major_downgrade
40356,0.0,SKINCARE,unknown,STANDARD_BUY_REVIEW,10.4,24.3,392,73.088,4.568,LOW,0.0,0.0,0.0,TOP_UP_TO_OPTIMAL,TOP_UP_TO_OPTIMAL,1637,economic_roi_major_uplift
68101,0.0,VITAMIN SUPPLEMENT,unknown,HIGH_PRIORITY_BUY_REVIEW,21.7,24.3,393,-37.024,-1.543,VERY_LOW,15.824,0.0,0.972,TOP_UP_TO_OPTIMAL,TOP_UP_TO_OPTIMAL,140,economic_roi_major_uplift
196016,0.0,HAIRCARE,unknown,HIGH_PRIORITY_BUY_REVIEW,21.6,24.3,394,-36.408,-1.517,VERY_LOW,16.316,0.0,1.096,TOP_UP_TO_OPTIMAL,TOP_UP_TO_OPTIMAL,149,economic_roi_major_uplift
23677,0.0,ORAL HEALTH,unknown,STANDARD_BUY_REVIEW,24.4,24.2,395,-26.588,-1.662,VERY_LOW,8.562,0.0,0.0,CONTROLLED_BUY,CONTROLLED_BUY,-52,economic_value_major_downgrade
194019,0.0,SKINCARE,unknown,STANDARD_BUY_REVIEW,23.5,24.2,396,-5.449,-0.341,VERY_LOW,18.561,0.0,0.0,TOP_UP_TO_OPTIMAL,TOP_UP_TO_OPTIMAL,-14,economic_value_downgrade
87767,0.0,SKINCARE,unknown,HIGH_PRIORITY_BUY_REVIEW,21.9,24.2,397,-25.912,-1.08,VERY_LOW,2.821,0.0,1.379,TOP_UP_TO_OPTIMAL,TOP_UP_TO_OPTIMAL,110,economic_roi_major_uplift
193726,0.0,VITAMIN SUPPLEMENT,unknown,HIGH_PRIORITY_BUY_REVIEW,21.4,24.2,398,-38.426,-1.601,VERY_LOW,14.398,0.0,0.996,TOP_UP_TO_OPTIMAL,TOP_UP_TO_OPTIMAL,158,economic_roi_major_uplift
197206,0.0,BEAUTY ACCESSORIES,unknown,HIGH_PRIORITY_BUY_REVIEW,22.9,24.2,399,-42.121,-1.755,VERY_LOW,6.879,0.0,0.0,TOP_UP_TO_OPTIMAL,TOP_UP_TO_OPTIMAL,19,economic_value_uplift
388823,0.0,SKINCARE,unknown,STANDARD_BUY_REVIEW,26.3,24.2,400,-12.077,-0.755,VERY_LOW,5.554,0.0,0.0,TOP_UP_TO_OPTIMAL,TOP_UP_TO_OPTIMAL,-133,economic_value_major_downgrade
57866,0.0,VITAMIN SUPPLEMENT,unknown,HIGH_PRIORITY_BUY_REVIEW,21.5,24.2,401,-38.399,-1.6,VERY_LOW,14.475,0.0,0.946,TOP_UP_TO_OPTIMAL,TOP_UP_TO_OPTIMAL,147,economic_roi_major_uplift
87463,0.0,SKINCARE,unknown,STANDARD_BUY_REVIEW,25.5,24.2,402,-10.947,-0.684,VERY_LOW,7.953,0.0,0.0,TOP_UP_TO_OPTIMAL,TOP_UP_TO_OPTIMAL,-111,economic_value_major_downgrade
190120,0.0,BEAUTY ACCESSORIES,unknown,HIGH_PRIORITY_BUY_REVIEW,26.9,24.2,403,-20.403,-0.85,VERY_LOW,3.971,0.0,0.0,TOP_UP_TO_OPTIMAL,TOP_UP_TO_OPTIMAL,-171,economic_value_major_downgrade
198805,0.0,COLOUR COSMETICS,unknown,HIGH_PRIORITY_BUY_REVIEW,22.1,24.2,404,-40.158,-1.673,VERY_LOW,10.88,0.0,0.0,TOP_UP_TO_OPTIMAL,TOP_UP_TO_OPTIMAL,87,economic_roi_major_uplift
32866,0.0,SKINCARE,unknown,HIGH_PRIORITY_BUY_REVIEW,23.7,24.2,405,-18.287,-0.762,VERY_LOW,8.085,0.0,0.0,TOP_UP_TO_OPTIMAL,TOP_UP_TO_OPTIMAL,-26,economic_value_downgrade
186738,0.0,COLOUR COSMETICS,unknown,HIGH_PRIORITY_BUY_REVIEW,23.1,24.2,406,-43.046,-1.794,VERY_LOW,7.839,0.0,0.0,TOP_UP_TO_OPTIMAL,TOP_UP_TO_OPTIMAL,1,not_in_review_queue
190256,0.0,DEODORANTS,unknown,HIGH_PRIORITY_BUY_REVIEW,22.3,24.2,407,-40.049,-1.669,VERY_LOW,8.951,0.0,0.0,TOP_UP_TO_OPTIMAL,TOP_UP_TO_OPTIMAL,65,economic_roi_major_uplift
293245,0.0,VITAMIN SUPPLEMENT,unknown,STANDARD_BUY_REVIEW,17.3,24.2,408,0.206,0.013,VERY_LOW,10.021,0.0,0.0,TOP_UP_TO_OPTIMAL,TOP_UP_TO_OPTIMAL,618,economic_roi_major_uplift
296780,0.0,SKINCARE,unknown,HIGH_PRIORITY_BUY_REVIEW,21.9,24.2,409,-27.931,-1.164,VERY_LOW,2.45,0.0,1.406,TOP_UP_TO_OPTIMAL,TOP_UP_TO_OPTIMAL,103,economic_roi_major_uplift
61424,0.0,HAIRCARE,unknown,HIGH_PRIORITY_BUY_REVIEW,22.5,24.2,410,-40.271,-1.678,VERY_LOW,8.729,0.0,0.0,TOP_UP_TO_OPTIMAL,TOP_UP_TO_OPTIMAL,41,economic_value_uplift
196312,0.0,HAIRCARE,unknown,HIGH_PRIORITY_BUY_REVIEW,22.7,24.2,411,-40.506,-1.688,VERY_LOW,8.494,0.0,0.0,TOP_UP_TO_OPTIMAL,TOP_UP_TO_OPTIMAL,28,economic_value_uplift
196313,0.0,HAIRCARE,unknown,HIGH_PRIORITY_BUY_REVIEW,22.6,24.2,412,-40.951,-1.706,VERY_LOW,8.049,0.0,0.0,TOP_UP_TO_OPTIMAL,TOP_UP_TO_OPTIMAL,33,economic_value_uplift
90383,0.0,BEAUTY ELECTRICAL,unknown,HIGH_PRIORITY_BUY_REVIEW,21.6,24.2,413,-37.709,-1.571,VERY_LOW,15.161,0.0,0.95,TOP_UP_TO_OPTIMAL,TOP_UP_TO_OPTIMAL,129,economic_roi_major_uplift
95450,0.0,DEODORANTS,unknown,HIGH_PRIORITY_BUY_REVIEW,21.4,24.2,414,-36.988,-1.541,VERY_LOW,15.725,0.0,1.107,TOP_UP_TO_OPTIMAL,TOP_UP_TO_OPTIMAL,148,economic_roi_major_uplift
198287,0.0,SKINCARE,unknown,STANDARD_RUN_DOWN_REVIEW,23.5,24.2,415,-20.852,-1.303,VERY_LOW,2.894,0.0,1.205,NO_BUY_RUN_DOWN,NO_BUY_RUN_DOWN,-29,economic_value_downgrade
234931,0.0,SKINCARE,unknown,HIGH_PRIORITY_BUY_REVIEW,22.7,24.2,416,-22.191,-0.925,VERY_LOW,2.353,0.0,0.0,TOP_UP_TO_OPTIMAL,TOP_UP_TO_OPTIMAL,24,economic_value_uplift
386359,0.0,SUNCARE,unknown,HIGH_PRIORITY_BUY_REVIEW,22.3,24.2,417,-40.58,-1.691,VERY_LOW,8.42,0.0,0.0,TOP_UP_TO_OPTIMAL,TOP_UP_TO_OPTIMAL,58,economic_roi_major_uplift
94039,0.0,SKINCARE,unknown,STANDARD_BUY_REVIEW,22.7,24.2,418,38.587,2.412,LOW,8.964,0.0,0.0,TOP_UP_TO_OPTIMAL,TOP_UP_TO_OPTIMAL,23,economic_value_uplift
781207,0.0,SKINCARE,unknown,HIGH_PRIORITY_BUY_REVIEW,22.5,24.1,419,-16.612,-0.692,VERY_LOW,4.45,4.32,0.0,AGGRESSIVE_BUY,AGGRESSIVE_BUY,28,economic_value_uplift
94070,0.0,COLOUR COSMETICS,unknown,HIGH_PRIORITY_BUY_REVIEW,21.9,24.1,420,-24.0,-1.0,VERY_LOW,0.0,-0.0,0.0,TOP_UP_TO_OPTIMAL,TOP_UP_TO_OPTIMAL,86,economic_roi_major_uplift
185182,0.0,HAIRCARE,unknown,HIGH_PRIORITY_BUY_REVIEW,21.7,24.1,421,-39.659,-1.652,VERY_LOW,9.341,0.0,0.0,TOP_UP_TO_OPTIMAL,TOP_UP_TO_OPTIMAL,101,economic_roi_major_uplift
380790,0.0,SKINCARE,unknown,HIGH_PRIORITY_BUY_REVIEW,21.7,24.1,422,-23.586,-0.983,VERY_LOW,5.917,0.0,1.379,TOP_UP_TO_OPTIMAL,TOP_UP_TO_OPTIMAL,101,economic_roi_major_uplift
71641,0.0,COLOUR COSMETICS,unknown,HIGH_PRIORITY_BUY_REVIEW,22.0,24.1,423,-41.924,-1.747,VERY_LOW,9.142,0.0,0.0,TOP_UP_TO_OPTIMAL,TOP_UP_TO_OPTIMAL,74,economic_roi_major_uplift
73903,0.0,SKINCARE,unknown,HIGH_PRIORITY_BUY_REVIEW,22.4,24.1,424,-41.893,-1.746,VERY_LOW,8.738,0.0,0.0,TOP_UP_TO_OPTIMAL,TOP_UP_TO_OPTIMAL,33,economic_value_uplift
93457,0.0,SUNCARE,unknown,HIGH_PRIORITY_BUY_REVIEW,22.9,24.1,425,-16.301,-0.679,VERY_LOW,8.219,0.0,0.0,TOP_UP_TO_OPTIMAL,TOP_UP_TO_OPTIMAL,-8,not_in_review_queue
24919,0.0,SKINCARE,unknown,STANDARD_BUY_REVIEW,26.5,24.1,426,-12.622,-0.789,VERY_LOW,5.692,0.0,0.0,TOP_UP_TO_OPTIMAL,TOP_UP_TO_OPTIMAL,-173,economic_value_major_downgrade
66769,0.0,COLOUR COSMETICS,unknown,HIGH_PRIORITY_BUY_REVIEW,22.1,24.1,427,-41.169,-1.715,VERY_LOW,10.061,0.0,0.0,TOP_UP_TO_OPTIMAL,TOP_UP_TO_OPTIMAL,61,economic_roi_major_uplift
87482,0.0,SUNCARE,unknown,HIGH_PRIORITY_BUY_REVIEW,22.2,24.1,428,-41.483,-1.728,VERY_LOW,7.517,0.0,0.0,TOP_UP_TO_OPTIMAL,TOP_UP_TO_OPTIMAL,53,economic_roi_major_uplift
88953,0.0,BEAUTY ACCESSORIES,unknown,HIGH_PRIORITY_BUY_REVIEW,22.4,24.1,429,-42.981,-1.791,VERY_LOW,6.019,0.0,0.0,TOP_UP_TO_OPTIMAL,TOP_UP_TO_OPTIMAL,30,economic_value_uplift
94618,0.0,COLOUR COSMETICS,unknown,HIGH_PRIORITY_BUY_REVIEW,26.1,24.1,430,-35.291,-1.47,VERY_LOW,19.26,0.0,0.0,TOP_UP_TO_OPTIMAL,TOP_UP_TO_OPTIMAL,-158,economic_value_major_downgrade
199263,0.0,MENS GROOMING,unknown,HIGH_PRIORITY_BUY_REVIEW,22.1,24.1,431,-41.995,-1.75,VERY_LOW,9.297,0.0,0.0,TOP_UP_TO_OPTIMAL,TOP_UP_TO_OPTIMAL,59,economic_roi_major_uplift
307488,0.0,HAIRCARE,unknown,HIGH_PRIORITY_BUY_REVIEW,20.7,24.1,432,-37.226,-1.551,VERY_LOW,11.774,0.0,0.0,TOP_UP_TO_OPTIMAL,TOP_UP_TO_OPTIMAL,216,economic_roi_major_uplift
191176,0.0,COLOUR COSMETICS,unknown,STANDARD_BUY_REVIEW,24.8,24.1,433,-12.662,-0.791,VERY_LOW,5.02,0.0,0.0,TOP_UP_TO_OPTIMAL,TOP_UP_TO_OPTIMAL,-103,economic_value_major_downgrade
192065,0.0,SKINCARE,unknown,HIGH_PRIORITY_BUY_REVIEW,23.0,24.1,434,-19.583,-0.816,VERY_LOW,6.253,0.0,0.0,TOP_UP_TO_OPTIMAL,TOP_UP_TO_OPTIMAL,-22,economic_value_downgrade
95116,0.0,VITAMIN SUPPLEMENT,unknown,STANDARD_BUY_REVIEW,17.2,24.1,435,-1.459,-0.091,VERY_LOW,9.616,0.0,0.0,TOP_UP_TO_OPTIMAL,TOP_UP_TO_OPTIMAL,604,economic_roi_major_uplift
95326,0.0,COLOUR COSMETICS,unknown,HIGH_PRIORITY_BUY_REVIEW,22.1,24.1,436,-40.837,-1.702,VERY_LOW,10.299,0.0,0.0,TOP_UP_TO_OPTIMAL,TOP_UP_TO_OPTIMAL,57,economic_roi_major_uplift
576009,0.0,HAIRCARE,unknown,HIGH_PRIORITY_BUY_REVIEW,22.8,24.1,437,-42.606,-1.775,VERY_LOW,6.394,0.0,0.0,TOP_UP_TO_OPTIMAL,TOP_UP_TO_OPTIMAL,-7,not_in_review_queue
188031,0.0,SKINCARE,unknown,HIGH_PRIORITY_BUY_REVIEW,22.5,24.1,438,-42.205,-1.759,VERY_LOW,7.943,0.0,0.0,TOP_UP_TO_OPTIMAL,TOP_UP_TO_OPTIMAL,15,economic_value_uplift
37849,0.0,SKINCARE,unknown,HIGH_PRIORITY_BUY_REVIEW,22.8,24.1,439,-43.177,-1.799,VERY_LOW,6.86,0.0,0.0,TOP_UP_TO_OPTIMAL,TOP_UP_TO_OPTIMAL,-8,not_in_review_queue
65583,0.0,SKINCARE,unknown,HIGH_PRIORITY_BUY_REVIEW,29.0,24.1,440,-11.156,-0.465,VERY_LOW,18.183,0.0,0.0,TOP_UP_TO_OPTIMAL,TOP_UP_TO_OPTIMAL,-274,economic_value_major_downgrade
96392,0.0,COLOUR COSMETICS,unknown,HIGH_PRIORITY_BUY_REVIEW,22.1,24.1,441,-41.732,-1.739,VERY_LOW,9.568,0.0,0.0,TOP_UP_TO_OPTIMAL,TOP_UP_TO_OPTIMAL,53,economic_roi_major_uplift
96395,0.0,COLOUR COSMETICS,unknown,HIGH_PRIORITY_BUY_REVIEW,22.1,24.1,442,-41.732,-1.739,VERY_LOW,9.568,0.0,0.0,TOP_UP_TO_OPTIMAL,TOP_UP_TO_OPTIMAL,53,economic_roi_major_uplift
41541,0.0,ORAL HEALTH,unknown,HIGH_PRIORITY_BUY_REVIEW,21.1,24.1,443,-11.752,-0.49,VERY_LOW,18.326,0.0,1.641,TOP_UP_TO_OPTIMAL,TOP_UP_TO_OPTIMAL,153,economic_roi_major_uplift
90115,0.0,COLOUR COSMETICS,unknown,HIGH_PRIORITY_BUY_REVIEW,26.0,24.1,444,-22.133,-0.922,VERY_LOW,2.974,0.0,0.0,TOP_UP_TO_OPTIMAL,TOP_UP_TO_OPTIMAL,-166,economic_value_major_downgrade
90367,0.0,COLOUR COSMETICS,unknown,HIGH_PRIORITY_BUY_REVIEW,22.0,24.1,445,-41.087,-1.712,VERY_LOW,9.951,0.0,0.0,TOP_UP_TO_OPTIMAL,TOP_UP_TO_OPTIMAL,60,economic_roi_major_uplift
36995,0.0,SUNCARE,unknown,HIGH_PRIORITY_BUY_REVIEW,22.3,24.0,446,-16.649,-0.694,VERY_LOW,7.775,0.0,0.0,TOP_UP_TO_OPTIMAL,TOP_UP_TO_OPTIMAL,21,economic_value_uplift
44017,0.0,HAIRCARE,unknown,HIGH_PRIORITY_BUY_REVIEW,22.3,24.0,447,-43.012,-1.792,VERY_LOW,5.988,0.0,0.0,TOP_UP_TO_OPTIMAL,TOP_UP_TO_OPTIMAL,21,economic_value_uplift
90727,0.0,VITAMIN SUPPLEMENT,unknown,HIGH_PRIORITY_BUY_REVIEW,21.4,24.0,448,-41.723,-1.738,VERY_LOW,7.277,0.0,0.0,TOP_UP_TO_OPTIMAL,TOP_UP_TO_OPTIMAL,106,economic_roi_major_uplift
194188,0.0,COLOUR COSMETICS,unknown,HIGH_PRIORITY_BUY_REVIEW,22.1,24.0,449,-41.999,-1.75,VERY_LOW,9.72,0.0,0.0,TOP_UP_TO_OPTIMAL,TOP_UP_TO_OPTIMAL,38,economic_value_uplift
197224,0.0,BEAUTY ACCESSORIES,unknown,HIGH_PRIORITY_BUY_REVIEW,21.4,24.0,450,-41.585,-1.733,VERY_LOW,7.415,0.0,0.0,TOP_UP_TO_OPTIMAL,TOP_UP_TO_OPTIMAL,107,economic_roi_major_uplift
385948,0.0,INCONTINENCE,unknown,HIGH_PRIORITY_BUY_REVIEW,22.2,24.0,451,-43.379,-1.807,VERY_LOW,5.621,0.0,0.0,TOP_UP_TO_OPTIMAL,TOP_UP_TO_OPTIMAL,29,economic_value_uplift
51409,0.0,TANNING,unknown,STANDARD_BUY_REVIEW,26.5,24.0,452,-10.12,-0.632,VERY_LOW,6.284,0.0,0.0,TOP_UP_TO_OPTIMAL,TOP_UP_TO_OPTIMAL,-198,economic_value_major_downgrade
59511,0.0,VITAMIN SUPPLEMENT,unknown,HIGH_PRIORITY_BUY_REVIEW,20.9,24.0,453,-40.467,-1.686,VERY_LOW,12.292,0.0,1.061,TOP_UP_TO_OPTIMAL,TOP_UP_TO_OPTIMAL,159,economic_roi_major_uplift
60862,0.0,HAIR REMOVAL,unknown,STANDARD_BUY_REVIEW,21.1,24.0,454,-2.609,-0.163,VERY_LOW,8.127,31.079,0.0,TOP_UP_TO_OPTIMAL,TOP_UP_TO_OPTIMAL,134,economic_roi_major_uplift
91018,0.0,COLOUR COSMETICS,unknown,HIGH_PRIORITY_BUY_REVIEW,25.3,24.0,455,-23.285,-0.97,VERY_LOW,1.158,0.0,0.0,TOP_UP_TO_OPTIMAL,TOP_UP_TO_OPTIMAL,-153,economic_value_major_downgrade
189082,0.0,HAIR ACC BRUSHES,unknown,HIGH_PRIORITY_BUY_REVIEW,20.9,24.0,456,-39.819,-1.659,VERY_LOW,12.86,0.0,1.141,TOP_UP_TO_OPTIMAL,TOP_UP_TO_OPTIMAL,161,economic_roi_major_uplift
195446,0.0,SKINCARE,unknown,STANDARD_BUY_REVIEW,13.5,24.0,457,55.638,3.477,LOW,3.676,41.112,0.0,TOP_UP_TO_OPTIMAL,TOP_UP_TO_OPTIMAL,1045,economic_roi_major_uplift
307371,0.0,HAIRCARE,unknown,HIGH_PRIORITY_BUY_REVIEW,20.8,24.0,458,-40.548,-1.69,VERY_LOW,12.115,0.0,1.157,TOP_UP_TO_OPTIMAL,TOP_UP_TO_OPTIMAL,180,economic_roi_major_uplift
40165,0.0,COLOUR COSMETICS,unknown,STANDARD_BUY_REVIEW,24.2,24.0,459,-15.169,-0.948,VERY_LOW,1.363,0.0,0.0,TOP_UP_TO_OPTIMAL,TOP_UP_TO_OPTIMAL,-104,economic_value_major_downgrade
61442,0.0,HAIRCARE,unknown,HIGH_PRIORITY_BUY_REVIEW,21.4,24.0,460,-42.006,-1.75,VERY_LOW,6.994,0.0,0.0,TOP_UP_TO_OPTIMAL,TOP_UP_TO_OPTIMAL,99,economic_roi_major_uplift
88160,0.0,COLOUR COSMETICS,unknown,HIGH_PRIORITY_BUY_REVIEW,21.6,24.0,461,-42.359,-1.765,VERY_LOW,8.196,0.0,0.0,TOP_UP_TO_OPTIMAL,TOP_UP_TO_OPTIMAL,76,economic_roi_major_uplift
91016,0.0,COLOUR COSMETICS,unknown,STANDARD_BUY_REVIEW,24.1,24.0,462,-15.311,-0.957,VERY_LOW,1.132,0.0,0.0,TOP_UP_TO_OPTIMAL,TOP_UP_TO_OPTIMAL,-105,economic_value_major_downgrade
16525,0.0,SKINCARE,unknown,HIGH_PRIORITY_BUY_REVIEW,22.9,24.0,463,-19.718,-0.822,VERY_LOW,6.06,0.0,0.0,TOP_UP_TO_OPTIMAL,TOP_UP_TO_OPTIMAL,-39,economic_value_downgrade
199787,0.0,BEAUTY ACCESSORIES,unknown,HIGH_PRIORITY_BUY_REVIEW,21.7,24.0,464,-41.594,-1.733,VERY_LOW,7.406,0.0,0.0,TOP_UP_TO_OPTIMAL,TOP_UP_TO_OPTIMAL,67,economic_roi_major_uplift
40164,0.0,COLOUR COSMETICS,unknown,STANDARD_BUY_REVIEW,24.4,24.0,465,-11.803,-0.738,VERY_LOW,1.479,3.595,0.0,TOP_UP_TO_OPTIMAL,TOP_UP_TO_OPTIMAL,-118,economic_value_major_downgrade
40165,0.0,COLOUR COSMETICS,unknown,STANDARD_BUY_REVIEW,24.4,24.0,466,-11.803,-0.738,VERY_LOW,1.479,3.595,0.0,TOP_UP_TO_OPTIMAL,TOP_UP_TO_OPTIMAL,-118,economic_value_major_downgrade
41863,0.0,COLOUR COSMETICS,unknown,HIGH_PRIORITY_BUY_REVIEW,21.8,24.0,467,-41.941,-1.748,VERY_LOW,8.83,0.0,0.0,TOP_UP_TO_OPTIMAL,TOP_UP_TO_OPTIMAL,50,economic_roi_major_uplift
72446,0.0,VITAMIN SUPPLEMENT,unknown,HIGH_PRIORITY_BUY_REVIEW,22.0,24.0,468,-42.912,-1.788,VERY_LOW,6.088,0.0,0.0,TOP_UP_TO_OPTIMAL,TOP_UP_TO_OPTIMAL,32,economic_value_uplift
28874,0.0,COLOUR COSMETICS,unknown,HIGH_PRIORITY_BUY_REVIEW,21.9,24.0,469,-42.139,-1.756,VERY_LOW,8.84,0.0,0.0,TOP_UP_TO_OPTIMAL,TOP_UP_TO_OPTIMAL,42,economic_value_uplift
404535,0.0,SUNCARE,unknown,HIGH_PRIORITY_BUY_REVIEW,21.3,24.0,470,-40.789,-1.7,VERY_LOW,11.826,0.0,1.205,TOP_UP_TO_OPTIMAL,TOP_UP_TO_OPTIMAL,103,economic_roi_major_uplift
87822,0.0,ORAL HEALTH,unknown,HIGH_PRIORITY_BUY_REVIEW,21.9,24.0,471,-42.847,-1.785,VERY_LOW,6.153,0.0,0.0,TOP_UP_TO_OPTIMAL,TOP_UP_TO_OPTIMAL,42,economic_value_uplift
62986,0.0,VITAMIN SUPPLEMENT,unknown,HIGH_PRIORITY_BUY_REVIEW,21.4,24.0,472,-41.682,-1.737,VERY_LOW,7.318,0.0,0.0,TOP_UP_TO_OPTIMAL,TOP_UP_TO_OPTIMAL,89,economic_roi_major_uplift
193413,0.0,SKINCARE,unknown,STANDARD_BUY_REVIEW,21.4,24.0,473,68.86,4.304,LOW,22.085,0.0,0.0,TOP_UP_TO_OPTIMAL,TOP_UP_TO_OPTIMAL,91,economic_roi_major_uplift
195046,0.0,SKINCARE,unknown,HIGH_PRIORITY_BUY_REVIEW,24.5,24.0,474,-6.374,-0.266,VERY_LOW,3.963,0.0,0.0,TOP_UP_TO_OPTIMAL,TOP_UP_TO_OPTIMAL,-133,economic_value_major_downgrade
31831,0.0,SKINCARE,unknown,HIGH_PRIORITY_BUY_REVIEW,22.6,24.0,475,-17.215,-0.717,VERY_LOW,10.079,0.0,0.208,CONTROLLED_BUY,CONTROLLED_BUY,-29,economic_value_downgrade
195434,0.0,COLOUR COSMETICS,unknown,STANDARD_BUY_REVIEW,25.4,23.9,476,-14.722,-0.92,VERY_LOW,2.38,0.0,0.0,TOP_UP_TO_OPTIMAL,TOP_UP_TO_OPTIMAL,-183,economic_value_major_downgrade
198461,0.0,SKINCARE,unknown,HIGH_PRIORITY_BUY_REVIEW,20.2,23.9,477,-36.407,-1.517,VERY_LOW,14.78,0.0,0.0,AGGRESSIVE_BUY,AGGRESSIVE_BUY,236,economic_roi_major_uplift
38602,0.0,COLOUR COSMETICS,unknown,HIGH_PRIORITY_BUY_REVIEW,21.5,23.9,478,-43.155,-1.798,VERY_LOW,7.392,0.0,0.0,TOP_UP_TO_OPTIMAL,TOP_UP_TO_OPTIMAL,67,economic_roi_major_uplift
58657,0.0,COLOUR COSMETICS,unknown,HIGH_PRIORITY_BUY_REVIEW,21.4,23.9,479,-43.482,-1.812,VERY_LOW,6.979,0.0,0.0,TOP_UP_TO_OPTIMAL,TOP_UP_TO_OPTIMAL,74,economic_roi_major_uplift
93619,0.0,COLOUR COSMETICS,unknown,HIGH_PRIORITY_BUY_REVIEW,22.1,23.9,480,-44.877,-1.87,VERY_LOW,5.43,0.0,0.0,TOP_UP_TO_OPTIMAL,TOP_UP_TO_OPTIMAL,4,not_in_review_queue
190320,0.0,HAIR ACC BRUSHES,unknown,HIGH_PRIORITY_BUY_REVIEW,22.7,23.9,481,-41.817,-1.742,VERY_LOW,7.183,0.0,0.0,TOP_UP_TO_OPTIMAL,TOP_UP_TO_OPTIMAL,-46,economic_value_downgrade
196579,0.0,BEAUTY ACCESSORIES,unknown,HIGH_PRIORITY_BUY_REVIEW,21.5,23.9,482,-44.01,-1.834,VERY_LOW,4.99,0.0,0.0,TOP_UP_TO_OPTIMAL,TOP_UP_TO_OPTIMAL,65,economic_roi_major_uplift
197217,0.0,BEAUTY ACCESSORIES,unknown,HIGH_PRIORITY_BUY_REVIEW,21.6,23.9,483,-44.298,-1.846,VERY_LOW,4.702,0.0,0.0,TOP_UP_TO_OPTIMAL,TOP_UP_TO_OPTIMAL,53,economic_roi_major_uplift
293245,0.0,VITAMIN SUPPLEMENT,unknown,HIGH_PRIORITY_BUY_REVIEW,20.8,23.9,484,-42.257,-1.761,VERY_LOW,10.638,0.0,0.925,TOP_UP_TO_OPTIMAL,TOP_UP_TO_OPTIMAL,151,economic_roi_major_uplift
415278,0.0,HAIRCARE,unknown,HIGH_PRIORITY_BUY_REVIEW,26.7,23.9,485,-21.593,-0.9,VERY_LOW,2.858,0.0,0.0,TOP_UP_TO_OPTIMAL,TOP_UP_TO_OPTIMAL,-244,economic_value_major_downgrade
63871,0.0,HAIRCARE,unknown,HIGH_PRIORITY_BUY_REVIEW,21.3,23.9,486,-42.306,-1.763,VERY_LOW,6.694,0.0,0.0,TOP_UP_TO_OPTIMAL,TOP_UP_TO_OPTIMAL,84,economic_roi_major_uplift
90164,0.0,COLOUR COSMETICS,unknown,STANDARD_BUY_REVIEW,25.4,23.9,487,-14.495,-0.906,VERY_LOW,2.653,0.0,0.0,TOP_UP_TO_OPTIMAL,TOP_UP_TO_OPTIMAL,-191,economic_value_major_downgrade
92228,0.0,DEODORANTS,unknown,HIGH_PRIORITY_BUY_REVIEW,20.9,23.9,488,-42.058,-1.752,VERY_LOW,1.219,5.84,0.0,TOP_UP_TO_OPTIMAL,TOP_UP_TO_OPTIMAL,133,economic_roi_major_uplift
454222,0.0,SKINCARE,unknown,HIGH_PRIORITY_BUY_REVIEW,21.8,23.9,489,-43.244,-1.802,VERY_LOW,6.973,0.0,0.0,TOP_UP_TO_OPTIMAL,TOP_UP_TO_OPTIMAL,27,economic_value_uplift
102282,0.0,COLOUR COSMETICS,unknown,HIGH_PRIORITY_BUY_REVIEW,26.6,23.9,490,-19.067,-0.794,VERY_LOW,7.017,0.0,0.0,TOP_UP_TO_OPTIMAL,TOP_UP_TO_OPTIMAL,-241,economic_value_major_downgrade
187279,0.0,COLOUR COSMETICS,unknown,HIGH_PRIORITY_BUY_REVIEW,21.5,23.9,491,-42.693,-1.779,VERY_LOW,7.765,0.0,0.0,TOP_UP_TO_OPTIMAL,TOP_UP_TO_OPTIMAL,58,economic_roi_major_uplift
191317,0.0,HAIRCARE,unknown,HIGH_PRIORITY_BUY_REVIEW,26.4,23.9,492,-20.132,-0.839,VERY_LOW,4.321,0.0,0.0,TOP_UP_TO_OPTIMAL,TOP_UP_TO_OPTIMAL,-230,economic_value_major_downgrade
196029,0.0,HAIRCARE,unknown,HIGH_PRIORITY_BUY_REVIEW,26.2,23.9,493,-20.489,-0.854,VERY_LOW,3.89,0.0,0.0,TOP_UP_TO_OPTIMAL,TOP_UP_TO_OPTIMAL,-224,economic_value_major_downgrade
64953,0.0,VITAMIN SUPPLEMENT,unknown,HIGH_PRIORITY_BUY_REVIEW,21.2,23.9,494,-42.546,-1.773,VERY_LOW,6.454,0.0,0.0,TOP_UP_TO_OPTIMAL,TOP_UP_TO_OPTIMAL,88,economic_roi_major_uplift
65486,0.0,SKINCARE,unknown,HIGH_PRIORITY_BUY_REVIEW,22.8,23.9,495,-21.165,-0.882,VERY_LOW,4.012,0.0,0.0,TOP_UP_TO_OPTIMAL,TOP_UP_TO_OPTIMAL,-67,economic_value_major_downgrade
88880,0.0,BEAUTY ACCESSORIES,unknown,HIGH_PRIORITY_BUY_REVIEW,21.3,23.9,496,-42.261,-1.761,VERY_LOW,6.739,0.0,0.0,TOP_UP_TO_OPTIMAL,TOP_UP_TO_OPTIMAL,78,economic_roi_major_uplift
91439,0.0,HAIRCARE,unknown,HIGH_PRIORITY_BUY_REVIEW,11.7,23.9,497,8.227,0.343,VERY_LOW,84.453,0.0,5.135,AGGRESSIVE_BUY,AGGRESSIVE_BUY,1257,economic_roi_major_uplift
74656,0.0,VITAMIN SUPPLEMENT,unknown,HIGH_PRIORITY_BUY_REVIEW,21.6,23.9,498,-42.985,-1.791,VERY_LOW,6.015,0.0,0.0,TOP_UP_TO_OPTIMAL,TOP_UP_TO_OPTIMAL,42,economic_value_uplift
10045,0.0,HAIRCARE,unknown,STANDARD_BUY_REVIEW,10.6,23.9,499,72.429,4.527,LOW,5.46,47.238,0.0,TOP_UP_TO_OPTIMAL,TOP_UP_TO_OPTIMAL,1475,economic_roi_major_uplift
46825,0.0,COLOUR COSMETICS,unknown,HIGH_PRIORITY_BUY_REVIEW,21.4,23.9,500,-43.603,-1.817,VERY_LOW,6.815,0.0,0.0,TOP_UP_TO_OPTIMAL,TOP_UP_TO_OPTIMAL,65,economic_roi_major_uplift
