feature_name,feature_family,source_module,merge_status,merge_priority,merge_safety_status,leakage_risk_level,available_pre_decision_flag,missing_value_policy,dtype_policy,expected_decision_value,merge_blocker,recommended_action,present_in_core_after
dag_realised_outcome_available_flag,derived_or_phase_extension,phase6e_enrichment,BLOCKED_LEAKAGE_RISK,1,BLOCKED,HIGH,NO,KEEP_UNKNOWN_LABEL,string,HIGH,LEAKAGE_OR_POST_PROMO,BLOCKED_LEAKAGE_RISK,NO
dag_realised_outcome_source_quality,derived_or_phase_extension,phase6e_enrichment,BLOCKED_LEAKAGE_RISK,1,BLOCKED,HIGH,NO,KEEP_UNKNOWN_LABEL,string,HIGH,LEAKAGE_OR_POST_PROMO,BLOCKED_LEAKAGE_RISK,NO
active_learning_reason,derived_or_phase_extension,phase6e_enrichment,READY_TO_MERGE,1,SAFE,LOW,YES,KEEP_UNKNOWN_LABEL,string,HIGH,,MERGE,YES
active_learning_score,derived_or_phase_extension,phase6e_enrichment,READY_TO_MERGE,1,SAFE,LOW,YES,KEEP_NAN_NOT_ZERO,float64,HIGH,,MERGE,YES
adjacent_confidence_calibrated,derived_or_phase_extension,phase6e_enrichment,READY_TO_MERGE,1,SAFE,LOW,YES,KEEP_NAN_NOT_ZERO,float64,HIGH,,MERGE,YES
adjacent_path_use_policy,derived_or_phase_extension,phase6e_enrichment,READY_TO_MERGE,1,SAFE,LOW,YES,KEEP_UNKNOWN_LABEL,string,HIGH,,MERGE,YES
adjacent_path_warning,derived_or_phase_extension,phase6e_enrichment,READY_TO_MERGE,1,SAFE,LOW,YES,KEEP_UNKNOWN_LABEL,string,HIGH,,MERGE,YES
adjacent_reference_count,derived_or_phase_extension,phase6e_enrichment,READY_TO_MERGE,1,SAFE,LOW,YES,KEEP_NAN_NOT_ZERO,float64,HIGH,,MERGE,YES
adjacent_reference_quality,derived_or_phase_extension,phase6e_enrichment,READY_TO_MERGE,1,SAFE,LOW,YES,KEEP_UNKNOWN_LABEL,string,HIGH,,MERGE,YES
ats_confidence_label,derived_or_phase_extension,phase6e_enrichment,READY_TO_MERGE,1,SAFE,LOW,YES,KEEP_UNKNOWN_LABEL,string,HIGH,,MERGE,YES
ats_do_not_learn_zero_sales_flag,derived_or_phase_extension,phase6e_enrichment,READY_TO_MERGE,1,SAFE,LOW,YES,KEEP_UNKNOWN_LABEL,string,HIGH,,MERGE,YES
ats_false_zero_demand_risk,derived_or_phase_extension,phase6e_enrichment,READY_TO_MERGE,1,SAFE,LOW,YES,KEEP_UNKNOWN_LABEL,string,HIGH,,MERGE,YES
ats_stockout_censoring_risk,derived_or_phase_extension,phase6e_enrichment,READY_TO_MERGE,1,SAFE,LOW,YES,KEEP_UNKNOWN_LABEL,string,HIGH,,MERGE,YES
available_to_sell_confidence_score,derived_or_phase_extension,phase6e_enrichment,READY_TO_MERGE,1,SAFE,LOW,YES,KEEP_NAN_NOT_ZERO,float64,HIGH,,MERGE,YES
dag_adjacent_path_simulation_available_flag,derived_or_phase_extension,phase6e_enrichment,READY_TO_MERGE,1,SAFE,LOW,YES,KEEP_UNKNOWN_LABEL,string,HIGH,,MERGE,YES
dag_adjacent_path_simulation_source_quality,derived_or_phase_extension,phase6e_enrichment,READY_TO_MERGE,1,SAFE,LOW,YES,KEEP_UNKNOWN_LABEL,string,HIGH,,MERGE,YES
dag_available_to_sell_confidence_available_flag,derived_or_phase_extension,phase6e_enrichment,READY_TO_MERGE,1,SAFE,LOW,YES,KEEP_UNKNOWN_LABEL,string,HIGH,,MERGE,YES
dag_available_to_sell_confidence_source_quality,derived_or_phase_extension,phase6e_enrichment,READY_TO_MERGE,1,SAFE,LOW,YES,KEEP_UNKNOWN_LABEL,string,HIGH,,MERGE,YES
dag_basket_attachment_available_flag,derived_or_phase_extension,phase6e_enrichment,READY_TO_MERGE,1,SAFE,LOW,YES,KEEP_UNKNOWN_LABEL,string,HIGH,,MERGE,YES
dag_basket_attachment_source_quality,derived_or_phase_extension,phase6e_enrichment,READY_TO_MERGE,1,SAFE,LOW,YES,KEEP_UNKNOWN_LABEL,string,HIGH,,MERGE,YES
dag_bias_calibration_available_flag,derived_or_phase_extension,phase6e_enrichment,READY_TO_MERGE,1,SAFE,LOW,YES,KEEP_UNKNOWN_LABEL,string,HIGH,,MERGE,YES
dag_bias_calibration_source_quality,derived_or_phase_extension,phase6e_enrichment,READY_TO_MERGE,1,SAFE,LOW,YES,KEEP_UNKNOWN_LABEL,string,HIGH,,MERGE,YES
dag_brain_forecast_available_flag,derived_or_phase_extension,phase6e_enrichment,READY_TO_MERGE,1,SAFE,LOW,YES,KEEP_UNKNOWN_LABEL,string,HIGH,,MERGE,YES
dag_brain_forecast_source_quality,derived_or_phase_extension,phase6e_enrichment,READY_TO_MERGE,1,SAFE,LOW,YES,KEEP_UNKNOWN_LABEL,string,HIGH,,MERGE,YES
dag_decision_path_quality_v2,derived_or_phase_extension,phase6e_enrichment,READY_TO_MERGE,1,SAFE,LOW,YES,KEEP_UNKNOWN_LABEL,string,HIGH,,MERGE,YES
dag_governance_constraints_available_flag,derived_or_phase_extension,phase6e_enrichment,READY_TO_MERGE,1,SAFE,LOW,YES,KEEP_UNKNOWN_LABEL,string,HIGH,,MERGE,YES
dag_governance_constraints_source_quality,derived_or_phase_extension,phase6e_enrichment,READY_TO_MERGE,1,SAFE,LOW,YES,KEEP_UNKNOWN_LABEL,string,HIGH,,MERGE,YES
dag_human_review_available_flag,derived_or_phase_extension,phase6e_enrichment,READY_TO_MERGE,1,SAFE,LOW,YES,KEEP_UNKNOWN_LABEL,string,HIGH,,MERGE,YES
dag_human_review_source_quality,derived_or_phase_extension,phase6e_enrichment,READY_TO_MERGE,1,SAFE,LOW,YES,KEEP_UNKNOWN_LABEL,string,HIGH,,MERGE,YES
dag_lesson_update_available_flag,derived_or_phase_extension,phase6e_enrichment,READY_TO_MERGE,1,SAFE,LOW,YES,KEEP_UNKNOWN_LABEL,string,HIGH,,MERGE,YES
dag_lesson_update_source_quality,derived_or_phase_extension,phase6e_enrichment,READY_TO_MERGE,1,SAFE,LOW,YES,KEEP_UNKNOWN_LABEL,string,HIGH,,MERGE,YES
dag_mission_sku_role_available_flag,derived_or_phase_extension,phase6e_enrichment,READY_TO_MERGE,1,SAFE,LOW,YES,KEEP_UNKNOWN_LABEL,string,HIGH,,MERGE,YES
dag_mission_sku_role_source_quality,derived_or_phase_extension,phase6e_enrichment,READY_TO_MERGE,1,SAFE,LOW,YES,KEEP_UNKNOWN_LABEL,string,HIGH,,MERGE,YES
dag_optimal_stock_target_available_flag,derived_or_phase_extension,phase6e_enrichment,READY_TO_MERGE,1,SAFE,LOW,YES,KEEP_UNKNOWN_LABEL,string,HIGH,,MERGE,YES
dag_optimal_stock_target_source_quality,derived_or_phase_extension,phase6e_enrichment,READY_TO_MERGE,1,SAFE,LOW,YES,KEEP_UNKNOWN_LABEL,string,HIGH,,MERGE,YES
dag_promo_uplift_estimate_available_flag,derived_or_phase_extension,phase6e_enrichment,READY_TO_MERGE,1,SAFE,LOW,YES,KEEP_UNKNOWN_LABEL,string,HIGH,,MERGE,YES
dag_promo_uplift_estimate_source_quality,derived_or_phase_extension,phase6e_enrichment,READY_TO_MERGE,1,SAFE,LOW,YES,KEEP_UNKNOWN_LABEL,string,HIGH,,MERGE,YES
dag_raw_promo_advice_available_flag,derived_or_phase_extension,phase6e_enrichment,READY_TO_MERGE,1,SAFE,LOW,YES,KEEP_UNKNOWN_LABEL,string,HIGH,,MERGE,YES
dag_raw_promo_advice_source_quality,derived_or_phase_extension,phase6e_enrichment,READY_TO_MERGE,1,SAFE,LOW,YES,KEEP_UNKNOWN_LABEL,string,HIGH,,MERGE,YES
dag_raw_stock_position_available_flag,derived_or_phase_extension,phase6e_enrichment,READY_TO_MERGE,1,SAFE,LOW,YES,KEEP_UNKNOWN_LABEL,string,HIGH,,MERGE,YES
dag_raw_stock_position_source_quality,derived_or_phase_extension,phase6e_enrichment,READY_TO_MERGE,1,SAFE,LOW,YES,KEEP_UNKNOWN_LABEL,string,HIGH,,MERGE,YES
dag_raw_supplier_history_available_flag,derived_or_phase_extension,phase6e_enrichment,READY_TO_MERGE,1,SAFE,LOW,YES,KEEP_UNKNOWN_LABEL,string,HIGH,,MERGE,YES
dag_raw_supplier_history_source_quality,derived_or_phase_extension,phase6e_enrichment,READY_TO_MERGE,1,SAFE,LOW,YES,KEEP_UNKNOWN_LABEL,string,HIGH,,MERGE,YES
dag_raw_transaction_history_available_flag,derived_or_phase_extension,phase6e_enrichment,READY_TO_MERGE,1,SAFE,LOW,YES,KEEP_UNKNOWN_LABEL,string,HIGH,,MERGE,YES
dag_raw_transaction_history_source_quality,derived_or_phase_extension,phase6e_enrichment,READY_TO_MERGE,1,SAFE,LOW,YES,KEEP_UNKNOWN_LABEL,string,HIGH,,MERGE,YES
dag_state_coverage_score_v2,derived_or_phase_extension,phase6e_enrichment,READY_TO_MERGE,1,SAFE,LOW,YES,KEEP_NAN_NOT_ZERO,float64,HIGH,,MERGE,YES
dag_state_missingness_risk_score,derived_or_phase_extension,phase6e_enrichment,READY_TO_MERGE,1,SAFE,LOW,YES,KEEP_NAN_NOT_ZERO,float64,HIGH,,MERGE,YES
expected_information_gain,derived_or_phase_extension,phase6e_enrichment,READY_TO_MERGE,1,SAFE,LOW,YES,KEEP_NAN_NOT_ZERO,float64,HIGH,,MERGE,YES
kg_basket_centrality_score,dag_knowledge_graph_memory,promo_brain_state_audit,READY_TO_MERGE,1,SAFE,LOW,YES,KEEP_NAN_NOT_ZERO,float64,HIGH,,MERGE,YES
kg_history_similarity_score,derived_or_phase_extension,phase6e_enrichment,READY_TO_MERGE,1,SAFE,LOW,YES,KEEP_NAN_NOT_ZERO,float64,HIGH,,MERGE,YES
kg_human_override_memory_score,derived_or_phase_extension,phase6e_enrichment,READY_TO_MERGE,1,SAFE,LOW,YES,KEEP_NAN_NOT_ZERO,float64,HIGH,,MERGE,YES
kg_mission_role_strength,derived_or_phase_extension,phase6e_enrichment,READY_TO_MERGE,1,SAFE,LOW,YES,KEEP_NAN_NOT_ZERO,float64,HIGH,,MERGE,YES
kg_stockout_memory_score,derived_or_phase_extension,phase6e_enrichment,READY_TO_MERGE,1,SAFE,LOW,YES,KEEP_NAN_NOT_ZERO,float64,HIGH,,MERGE,YES
kg_substitute_availability_score,dag_knowledge_graph_memory,promo_brain_state_audit,READY_TO_MERGE,1,SAFE,LOW,YES,KEEP_NAN_NOT_ZERO,float64,HIGH,,MERGE,YES
kg_supplier_dependency_score,derived_or_phase_extension,phase6e_enrichment,READY_TO_MERGE,1,SAFE,LOW,YES,KEEP_NAN_NOT_ZERO,float64,HIGH,,MERGE,YES
which_model_component_will_learn,derived_or_phase_extension,phase6e_enrichment,READY_TO_MERGE,1,SAFE,LOW,YES,KEEP_UNKNOWN_LABEL,string,HIGH,,MERGE,YES
actual_units_sold_promo,derived_or_phase_extension,phase6e_enrichment,BLOCKED_LEAKAGE_RISK,2,BLOCKED,HIGH,NO,KEEP_NAN_NOT_ZERO,float64,MEDIUM,LEAKAGE_OR_POST_PROMO,BLOCKED_LEAKAGE_RISK,YES
dag_realised_outcome_evidence_count,derived_or_phase_extension,phase6e_enrichment,BLOCKED_LEAKAGE_RISK,2,BLOCKED,HIGH,NO,KEEP_NAN_NOT_ZERO,float64,MEDIUM,LEAKAGE_OR_POST_PROMO,BLOCKED_LEAKAGE_RISK,NO
dag_realised_outcome_last_updated,derived_or_phase_extension,phase6e_enrichment,BLOCKED_LEAKAGE_RISK,2,BLOCKED,HIGH,NO,KEEP_UNKNOWN_LABEL,string,MEDIUM,LEAKAGE_OR_POST_PROMO,BLOCKED_LEAKAGE_RISK,NO
dag_realised_outcome_missing_reason,derived_or_phase_extension,phase6e_enrichment,BLOCKED_LEAKAGE_RISK,2,BLOCKED,HIGH,NO,KEEP_UNKNOWN_LABEL,string,MEDIUM,LEAKAGE_OR_POST_PROMO,BLOCKED_LEAKAGE_RISK,NO
decision_triage_class,economic_triage,promo_brain_state_audit,BLOCKED_LEAKAGE_RISK,2,BLOCKED,HIGH,NO,KEEP_UNKNOWN_LABEL,string,MEDIUM,LEAKAGE_OR_POST_PROMO,BLOCKED_LEAKAGE_RISK,YES
forecast_abs_error_units,derived_or_phase_extension,phase6e_enrichment,BLOCKED_LEAKAGE_RISK,2,BLOCKED,HIGH,NO,KEEP_NAN_NOT_ZERO,float64,MEDIUM,LEAKAGE_OR_POST_PROMO,BLOCKED_LEAKAGE_RISK,YES
forecast_error_units,derived_or_phase_extension,phase6e_enrichment,BLOCKED_LEAKAGE_RISK,2,BLOCKED,HIGH,NO,KEEP_NAN_NOT_ZERO,float64,MEDIUM,LEAKAGE_OR_POST_PROMO,BLOCKED_LEAKAGE_RISK,YES
forecast_pct_error,derived_or_phase_extension,phase6e_enrichment,BLOCKED_LEAKAGE_RISK,2,BLOCKED,HIGH,NO,KEEP_NAN_NOT_ZERO,float64,MEDIUM,LEAKAGE_OR_POST_PROMO,BLOCKED_LEAKAGE_RISK,YES
leftover_units_estimate,derived_or_phase_extension,phase6e_enrichment,BLOCKED_LEAKAGE_RISK,2,BLOCKED,HIGH,NO,KEEP_NAN_NOT_ZERO,float64,MEDIUM,LEAKAGE_OR_POST_PROMO,BLOCKED_LEAKAGE_RISK,YES
lesson_learned_label,shadow_human_feedback,promo_brain_state_audit,BLOCKED_LEAKAGE_RISK,2,BLOCKED,HIGH,NO,KEEP_UNKNOWN_LABEL,string,MEDIUM,LEAKAGE_OR_POST_PROMO,BLOCKED_LEAKAGE_RISK,YES
model_bias_units,derived_or_phase_extension,phase6e_enrichment,BLOCKED_LEAKAGE_RISK,2,BLOCKED,HIGH,NO,KEEP_NAN_NOT_ZERO,float64,MEDIUM,LEAKAGE_OR_POST_PROMO,BLOCKED_LEAKAGE_RISK,YES
_discount_band,derived_or_phase_extension,phase6e_enrichment,BLOCKED_LOW_VALUE,2,BLOCKED,LOW,YES,KEEP_UNKNOWN_LABEL,string,MEDIUM,NOT_IN_PHASE6E_PRIORITY_SET,BLOCKED_LOW_VALUE,YES
adjacent_basket_trust_risk,derived_or_phase_extension,phase6e_enrichment,BLOCKED_LOW_VALUE,2,BLOCKED,LOW,YES,KEEP_UNKNOWN_LABEL,string,MEDIUM,NOT_IN_PHASE6E_PRIORITY_SET,BLOCKED_LOW_VALUE,NO
adjacent_confidence_calibration_factor,derived_or_phase_extension,phase6e_enrichment,BLOCKED_LOW_VALUE,2,BLOCKED,LOW,YES,KEEP_NAN_NOT_ZERO,float64,MEDIUM,NOT_IN_PHASE6E_PRIORITY_SET,BLOCKED_LOW_VALUE,NO
adjacent_confidence_raw,derived_or_phase_extension,phase6e_enrichment,BLOCKED_LOW_VALUE,2,BLOCKED,LOW,YES,KEEP_NAN_NOT_ZERO,float64,MEDIUM,NOT_IN_PHASE6E_PRIORITY_SET,BLOCKED_LOW_VALUE,NO
adjacent_confidence_reliability_bucket,derived_or_phase_extension,phase6e_enrichment,BLOCKED_LOW_VALUE,2,BLOCKED,LOW,YES,KEEP_UNKNOWN_LABEL,string,MEDIUM,NOT_IN_PHASE6E_PRIORITY_SET,BLOCKED_LOW_VALUE,NO
adjacent_confidence_score,derived_or_phase_extension,phase6e_enrichment,BLOCKED_LOW_VALUE,2,BLOCKED,LOW,YES,KEEP_NAN_NOT_ZERO,float64,MEDIUM,NOT_IN_PHASE6E_PRIORITY_SET,BLOCKED_LOW_VALUE,NO
adjacent_expected_gp,derived_or_phase_extension,phase6e_enrichment,BLOCKED_LOW_VALUE,2,BLOCKED,LOW,YES,KEEP_NAN_NOT_ZERO,float64,MEDIUM,NOT_IN_PHASE6E_PRIORITY_SET,BLOCKED_LOW_VALUE,NO
adjacent_expected_uplift_units,derived_or_phase_extension,phase6e_enrichment,BLOCKED_LOW_VALUE,2,BLOCKED,LOW,YES,KEEP_NAN_NOT_ZERO,float64,MEDIUM,NOT_IN_PHASE6E_PRIORITY_SET,BLOCKED_LOW_VALUE,NO
adjacent_path_use_reason,derived_or_phase_extension,phase6e_enrichment,BLOCKED_LOW_VALUE,2,BLOCKED,LOW,YES,KEEP_UNKNOWN_LABEL,string,MEDIUM,NOT_IN_PHASE6E_PRIORITY_SET,BLOCKED_LOW_VALUE,NO
adjacent_path_used_flag,derived_or_phase_extension,phase6e_enrichment,BLOCKED_LOW_VALUE,2,BLOCKED,LOW,YES,KEEP_UNKNOWN_LABEL,string,MEDIUM,NOT_IN_PHASE6E_PRIORITY_SET,BLOCKED_LOW_VALUE,NO
adjacent_reference_reason,derived_or_phase_extension,phase6e_enrichment,BLOCKED_LOW_VALUE,2,BLOCKED,LOW,YES,KEEP_UNKNOWN_LABEL,string,MEDIUM,NOT_IN_PHASE6E_PRIORITY_SET,BLOCKED_LOW_VALUE,NO
adjacent_stockout_risk,derived_or_phase_extension,phase6e_enrichment,BLOCKED_LOW_VALUE,2,BLOCKED,LOW,YES,KEEP_UNKNOWN_LABEL,string,MEDIUM,NOT_IN_PHASE6E_PRIORITY_SET,BLOCKED_LOW_VALUE,NO
advisory_label,derived_or_phase_extension,phase6e_enrichment,BLOCKED_LOW_VALUE,2,BLOCKED,LOW,YES,KEEP_UNKNOWN_LABEL,string,MEDIUM,NOT_IN_PHASE6E_PRIORITY_SET,BLOCKED_LOW_VALUE,YES
baseline_abs_error_units,derived_or_phase_extension,phase6e_enrichment,BLOCKED_LOW_VALUE,2,BLOCKED,LOW,YES,KEEP_NAN_NOT_ZERO,float64,MEDIUM,NOT_IN_PHASE6E_PRIORITY_SET,BLOCKED_LOW_VALUE,YES
baseline_expected_units_total_promo,derived_or_phase_extension,phase6e_enrichment,BLOCKED_LOW_VALUE,2,BLOCKED,LOW,YES,KEEP_NAN_NOT_ZERO,float64,MEDIUM,NOT_IN_PHASE6E_PRIORITY_SET,BLOCKED_LOW_VALUE,YES
basket_attachment_source_quality,quality_governance,promo_brain_state_audit,BLOCKED_LOW_VALUE,2,BLOCKED,LOW,YES,KEEP_UNKNOWN_LABEL,string,MEDIUM,NOT_IN_PHASE6E_PRIORITY_SET,BLOCKED_LOW_VALUE,YES
brain_validated_action_label,derived_or_phase_extension,promo_brain_state_audit,BLOCKED_LOW_VALUE,2,BLOCKED,LOW,YES,KEEP_UNKNOWN_LABEL,string,MEDIUM,NOT_IN_PHASE6E_PRIORITY_SET,BLOCKED_LOW_VALUE,YES
cash_tied_above_optimal_cost,stock_optimal,promo_brain_state_audit,BLOCKED_LOW_VALUE,2,BLOCKED,LOW,YES,KEEP_NAN_NOT_ZERO,float64,MEDIUM,NOT_IN_PHASE6E_PRIORITY_SET,BLOCKED_LOW_VALUE,YES
category,derived_or_phase_extension,phase6e_enrichment,BLOCKED_LOW_VALUE,2,BLOCKED,LOW,YES,KEEP_UNKNOWN_LABEL,string,MEDIUM,NOT_IN_PHASE6E_PRIORITY_SET,BLOCKED_LOW_VALUE,YES
dangerous_bias_regime,derived_or_phase_extension,phase6e_enrichment,BLOCKED_LOW_VALUE,2,BLOCKED,LOW,YES,KEEP_UNKNOWN_LABEL,string,MEDIUM,NOT_IN_PHASE6E_PRIORITY_SET,BLOCKED_LOW_VALUE,YES
department,derived_or_phase_extension,phase6e_enrichment,BLOCKED_LOW_VALUE,2,BLOCKED,LOW,YES,KEEP_UNKNOWN_LABEL,string,MEDIUM,NOT_IN_PHASE6E_PRIORITY_SET,BLOCKED_LOW_VALUE,YES
discount_percent,derived_or_phase_extension,phase6e_enrichment,BLOCKED_LOW_VALUE,2,BLOCKED,LOW,YES,KEEP_NAN_NOT_ZERO,float64,MEDIUM,NOT_IN_PHASE6E_PRIORITY_SET,BLOCKED_LOW_VALUE,YES
final_governed_action_label,derived_or_phase_extension,phase6e_enrichment,BLOCKED_LOW_VALUE,2,BLOCKED,LOW,YES,KEEP_UNKNOWN_LABEL,string,MEDIUM,NOT_IN_PHASE6E_PRIORITY_SET,BLOCKED_LOW_VALUE,YES
final_governed_order_units,derived_or_phase_extension,phase6e_enrichment,BLOCKED_LOW_VALUE,2,BLOCKED,LOW,YES,KEEP_NAN_NOT_ZERO,float64,MEDIUM,NOT_IN_PHASE6E_PRIORITY_SET,BLOCKED_LOW_VALUE,YES
forecast_abs_pct_error,derived_or_phase_extension,phase6e_enrichment,BLOCKED_LOW_VALUE,2,BLOCKED,LOW,YES,KEEP_NAN_NOT_ZERO,float64,MEDIUM,NOT_IN_PHASE6E_PRIORITY_SET,BLOCKED_LOW_VALUE,YES
high_wape_regime,derived_or_phase_extension,phase6e_enrichment,BLOCKED_LOW_VALUE,2,BLOCKED,LOW,YES,KEEP_UNKNOWN_LABEL,string,MEDIUM,NOT_IN_PHASE6E_PRIORITY_SET,BLOCKED_LOW_VALUE,YES
historical_proxy_abs_error_units,derived_or_phase_extension,phase6e_enrichment,BLOCKED_LOW_VALUE,2,BLOCKED,LOW,YES,KEEP_NAN_NOT_ZERO,float64,MEDIUM,NOT_IN_PHASE6E_PRIORITY_SET,BLOCKED_LOW_VALUE,YES
historical_proxy_expected_units_total_promo,derived_or_phase_extension,phase6e_enrichment,BLOCKED_LOW_VALUE,2,BLOCKED,LOW,YES,KEEP_NAN_NOT_ZERO,float64,MEDIUM,NOT_IN_PHASE6E_PRIORITY_SET,BLOCKED_LOW_VALUE,YES
history_strength_score,derived_or_phase_extension,phase6e_enrichment,BLOCKED_LOW_VALUE,2,BLOCKED,LOW,YES,KEEP_NAN_NOT_ZERO,float64,MEDIUM,NOT_IN_PHASE6E_PRIORITY_SET,BLOCKED_LOW_VALUE,NO
human_review_question,derived_or_phase_extension,phase6e_enrichment,BLOCKED_LOW_VALUE,2,BLOCKED,LOW,YES,KEEP_UNKNOWN_LABEL,string,MEDIUM,NOT_IN_PHASE6E_PRIORITY_SET,BLOCKED_LOW_VALUE,NO
human_review_status,shadow_human_feedback,promo_brain_state_audit,BLOCKED_LOW_VALUE,2,BLOCKED,LOW,YES,KEEP_UNKNOWN_LABEL,string,MEDIUM,NOT_IN_PHASE6E_PRIORITY_SET,BLOCKED_LOW_VALUE,YES
long_tail_sku_flag,basket_trust,promo_brain_state_audit,BLOCKED_LOW_VALUE,2,BLOCKED,LOW,YES,KEEP_UNKNOWN_LABEL,string,MEDIUM,NOT_IN_PHASE6E_PRIORITY_SET,BLOCKED_LOW_VALUE,YES
missed_units_risk,derived_or_phase_extension,phase6e_enrichment,BLOCKED_LOW_VALUE,2,BLOCKED,LOW,YES,KEEP_NAN_NOT_ZERO,float64,MEDIUM,NOT_IN_PHASE6E_PRIORITY_SET,BLOCKED_LOW_VALUE,YES
mission_sku_flag,basket_trust,promo_brain_state_audit,BLOCKED_LOW_VALUE,2,BLOCKED,LOW,YES,KEEP_UNKNOWN_LABEL,string,MEDIUM,NOT_IN_PHASE6E_PRIORITY_SET,BLOCKED_LOW_VALUE,YES
mission_sku_score,basket_trust,promo_brain_state_audit,BLOCKED_LOW_VALUE,2,BLOCKED,LOW,YES,KEEP_NAN_NOT_ZERO,float64,MEDIUM,NOT_IN_PHASE6E_PRIORITY_SET,BLOCKED_LOW_VALUE,YES
model_beats_baseline_flag,derived_or_phase_extension,phase6e_enrichment,BLOCKED_LOW_VALUE,2,BLOCKED,LOW,YES,KEEP_NAN_NOT_ZERO,float64,MEDIUM,NOT_IN_PHASE6E_PRIORITY_SET,BLOCKED_LOW_VALUE,YES
model_beats_historical_proxy_flag,derived_or_phase_extension,phase6e_enrichment,BLOCKED_LOW_VALUE,2,BLOCKED,LOW,YES,KEEP_NAN_NOT_ZERO,float64,MEDIUM,NOT_IN_PHASE6E_PRIORITY_SET,BLOCKED_LOW_VALUE,YES
model_expected_units_total_promo,derived_or_phase_extension,phase6e_enrichment,BLOCKED_LOW_VALUE,2,BLOCKED,LOW,YES,KEEP_NAN_NOT_ZERO,float64,MEDIUM,NOT_IN_PHASE6E_PRIORITY_SET,BLOCKED_LOW_VALUE,YES
model_expected_units_total_promo_calibrated,bias_calibration,promo_brain_state_audit,BLOCKED_LOW_VALUE,2,BLOCKED,LOW,YES,KEEP_NAN_NOT_ZERO,float64,MEDIUM,NOT_IN_PHASE6E_PRIORITY_SET,BLOCKED_LOW_VALUE,NO
model_expected_units_total_promo_raw,derived_or_phase_extension,phase6e_enrichment,BLOCKED_LOW_VALUE,2,BLOCKED,LOW,YES,KEEP_NAN_NOT_ZERO,float64,MEDIUM,NOT_IN_PHASE6E_PRIORITY_SET,BLOCKED_LOW_VALUE,NO
nearest_adjacent_simulation_required_flag,derived_or_phase_extension,phase6e_enrichment,BLOCKED_LOW_VALUE,2,BLOCKED,LOW,YES,KEEP_UNKNOWN_LABEL,string,MEDIUM,NOT_IN_PHASE6E_PRIORITY_SET,BLOCKED_LOW_VALUE,NO
new_line_adjacent_path_confidence,derived_or_phase_extension,phase6e_enrichment,BLOCKED_LOW_VALUE,2,BLOCKED,LOW,YES,KEEP_NAN_NOT_ZERO,float64,MEDIUM,NOT_IN_PHASE6E_PRIORITY_SET,BLOCKED_LOW_VALUE,NO
new_line_decision_support_reason,derived_or_phase_extension,phase6e_enrichment,BLOCKED_LOW_VALUE,2,BLOCKED,LOW,YES,KEEP_UNKNOWN_LABEL,string,MEDIUM,NOT_IN_PHASE6E_PRIORITY_SET,BLOCKED_LOW_VALUE,NO
new_line_flag,derived_or_phase_extension,phase6e_enrichment,BLOCKED_LOW_VALUE,2,BLOCKED,LOW,YES,KEEP_UNKNOWN_LABEL,string,MEDIUM,NOT_IN_PHASE6E_PRIORITY_SET,BLOCKED_LOW_VALUE,NO
over_order_risk_units,derived_or_phase_extension,phase6e_enrichment,BLOCKED_LOW_VALUE,2,BLOCKED,LOW,YES,KEEP_NAN_NOT_ZERO,float64,MEDIUM,NOT_IN_PHASE6E_PRIORITY_SET,BLOCKED_LOW_VALUE,YES
priority_bucket,derived_or_phase_extension,phase6e_enrichment,BLOCKED_LOW_VALUE,2,BLOCKED,LOW,YES,KEEP_UNKNOWN_LABEL,string,MEDIUM,NOT_IN_PHASE6E_PRIORITY_SET,BLOCKED_LOW_VALUE,NO
promo_convexity_regime,regime_brain,promo_brain_state_audit,BLOCKED_LOW_VALUE,2,BLOCKED,LOW,YES,KEEP_UNKNOWN_LABEL,string,MEDIUM,NOT_IN_PHASE6E_PRIORITY_SET,BLOCKED_LOW_VALUE,YES
promo_days,derived_or_phase_extension,phase6e_enrichment,BLOCKED_LOW_VALUE,2,BLOCKED,LOW,YES,KEEP_NAN_NOT_ZERO,float64,MEDIUM,NOT_IN_PHASE6E_PRIORITY_SET,BLOCKED_LOW_VALUE,YES
promo_demand_release_ready_flag,quality_governance,promo_brain_state_audit,BLOCKED_LOW_VALUE,2,BLOCKED,LOW,YES,KEEP_UNKNOWN_LABEL,string,MEDIUM,NOT_IN_PHASE6E_PRIORITY_SET,BLOCKED_LOW_VALUE,YES
promo_demand_source_quality,quality_governance,promo_brain_state_audit,BLOCKED_LOW_VALUE,2,BLOCKED,LOW,YES,KEEP_UNKNOWN_LABEL,string,MEDIUM,NOT_IN_PHASE6E_PRIORITY_SET,BLOCKED_LOW_VALUE,YES
promotion_end_date,derived_or_phase_extension,phase6e_enrichment,BLOCKED_LOW_VALUE,2,BLOCKED,LOW,YES,KEEP_UNKNOWN_LABEL,string,MEDIUM,NOT_IN_PHASE6E_PRIORITY_SET,BLOCKED_LOW_VALUE,YES
promotion_name,derived_or_phase_extension,phase6e_enrichment,BLOCKED_LOW_VALUE,2,BLOCKED,LOW,YES,KEEP_UNKNOWN_LABEL,string,MEDIUM,NOT_IN_PHASE6E_PRIORITY_SET,BLOCKED_LOW_VALUE,YES
promotion_start_date,derived_or_phase_extension,phase6e_enrichment,BLOCKED_LOW_VALUE,2,BLOCKED,LOW,YES,KEEP_UNKNOWN_LABEL,string,MEDIUM,NOT_IN_PHASE6E_PRIORITY_SET,BLOCKED_LOW_VALUE,YES
requires_human_approval_flag,derived_or_phase_extension,phase6e_enrichment,BLOCKED_LOW_VALUE,2,BLOCKED,LOW,YES,KEEP_UNKNOWN_LABEL,string,MEDIUM,NOT_IN_PHASE6E_PRIORITY_SET,BLOCKED_LOW_VALUE,NO
segment_bias_factor,bias_calibration,promo_brain_state_audit,BLOCKED_LOW_VALUE,2,BLOCKED,LOW,YES,KEEP_NAN_NOT_ZERO,float64,MEDIUM,NOT_IN_PHASE6E_PRIORITY_SET,BLOCKED_LOW_VALUE,NO
segment_bias_factor_source,derived_or_phase_extension,phase6e_enrichment,BLOCKED_LOW_VALUE,2,BLOCKED,LOW,YES,KEEP_UNKNOWN_LABEL,string,MEDIUM,NOT_IN_PHASE6E_PRIORITY_SET,BLOCKED_LOW_VALUE,NO
segment_calibrated_expected_units,bias_calibration,promo_brain_state_audit,BLOCKED_LOW_VALUE,2,BLOCKED,LOW,YES,KEEP_NAN_NOT_ZERO,float64,MEDIUM,NOT_IN_PHASE6E_PRIORITY_SET,BLOCKED_LOW_VALUE,NO
segment_calibration_allowed_flag,derived_or_phase_extension,phase6e_enrichment,BLOCKED_LOW_VALUE,2,BLOCKED,LOW,YES,KEEP_UNKNOWN_LABEL,string,MEDIUM,NOT_IN_PHASE6E_PRIORITY_SET,BLOCKED_LOW_VALUE,NO
segment_calibration_eligible_flag,derived_or_phase_extension,phase6e_enrichment,BLOCKED_LOW_VALUE,2,BLOCKED,LOW,YES,KEEP_UNKNOWN_LABEL,string,MEDIUM,NOT_IN_PHASE6E_PRIORITY_SET,BLOCKED_LOW_VALUE,NO
segment_historical_bias_pct,derived_or_phase_extension,promo_brain_state_audit,BLOCKED_LOW_VALUE,2,BLOCKED,LOW,YES,KEEP_NAN_NOT_ZERO,float64,MEDIUM,NOT_IN_PHASE6E_PRIORITY_SET,BLOCKED_LOW_VALUE,YES
segment_historical_wape,derived_or_phase_extension,promo_brain_state_audit,BLOCKED_LOW_VALUE,2,BLOCKED,LOW,YES,KEEP_NAN_NOT_ZERO,float64,MEDIUM,NOT_IN_PHASE6E_PRIORITY_SET,BLOCKED_LOW_VALUE,YES
selected_promo_period_demand,derived_or_phase_extension,phase6e_enrichment,BLOCKED_LOW_VALUE,2,BLOCKED,LOW,YES,KEEP_NAN_NOT_ZERO,float64,MEDIUM,NOT_IN_PHASE6E_PRIORITY_SET,BLOCKED_LOW_VALUE,YES
shadow_candidate_class,shadow_human_feedback,promo_brain_state_audit,BLOCKED_LOW_VALUE,2,BLOCKED,LOW,YES,KEEP_UNKNOWN_LABEL,string,MEDIUM,NOT_IN_PHASE6E_PRIORITY_SET,BLOCKED_LOW_VALUE,YES
sku_description,derived_or_phase_extension,phase6e_enrichment,BLOCKED_LOW_VALUE,2,BLOCKED,LOW,YES,KEEP_NAN_NOT_ZERO,float64,MEDIUM,NOT_IN_PHASE6E_PRIORITY_SET,BLOCKED_LOW_VALUE,YES
stock_position_regime,stock_optimal,promo_brain_state_audit,BLOCKED_LOW_VALUE,2,BLOCKED,LOW,YES,KEEP_UNKNOWN_LABEL,string,MEDIUM,NOT_IN_PHASE6E_PRIORITY_SET,BLOCKED_LOW_VALUE,YES
stockout_suspected_flag,derived_or_phase_extension,phase6e_enrichment,BLOCKED_LOW_VALUE,2,BLOCKED,LOW,YES,KEEP_NAN_NOT_ZERO,float64,MEDIUM,NOT_IN_PHASE6E_PRIORITY_SET,BLOCKED_LOW_VALUE,YES
supplier_replenishment_regime,supplier_replenishment,promo_brain_state_audit,BLOCKED_LOW_VALUE,2,BLOCKED,LOW,YES,KEEP_UNKNOWN_LABEL,string,MEDIUM,NOT_IN_PHASE6E_PRIORITY_SET,BLOCKED_LOW_VALUE,YES
under_order_risk_units,derived_or_phase_extension,phase6e_enrichment,BLOCKED_LOW_VALUE,2,BLOCKED,LOW,YES,KEEP_NAN_NOT_ZERO,float64,MEDIUM,NOT_IN_PHASE6E_PRIORITY_SET,BLOCKED_LOW_VALUE,YES
weak_history_flag,derived_or_phase_extension,phase6e_enrichment,BLOCKED_LOW_VALUE,2,BLOCKED,LOW,YES,KEEP_UNKNOWN_LABEL,string,MEDIUM,NOT_IN_PHASE6E_PRIORITY_SET,BLOCKED_LOW_VALUE,NO
average_daily_units,demand_uplift,promo_demand_features,BLOCKED_MISSING_SOURCE,2,BLOCKED,LOW,YES,N/A,unknown,MEDIUM,NOT_IN_ENRICHMENT_FRAME,BLOCKED_MISSING_SOURCE,NO
basket_completion_sku_score,basket_trust,promo_basket_trust,BLOCKED_MISSING_SOURCE,2,BLOCKED,LOW,YES,N/A,unknown,MEDIUM,NOT_IN_ENRICHMENT_FRAME,BLOCKED_MISSING_SOURCE,NO
basket_trust_convexity_value,basket_trust,promo_basket_trust,BLOCKED_MISSING_SOURCE,2,BLOCKED,LOW,YES,N/A,unknown,MEDIUM,NOT_IN_ENRICHMENT_FRAME,BLOCKED_MISSING_SOURCE,NO
basket_trust_protection_value,economic_triage,promo_economic_triage,BLOCKED_MISSING_SOURCE,2,BLOCKED,LOW,YES,N/A,unknown,MEDIUM,NOT_IN_ENRICHMENT_FRAME,BLOCKED_MISSING_SOURCE,NO
calibrated_regime_conviction_score,regime_brain,promo_regime_brain,BLOCKED_MISSING_SOURCE,2,BLOCKED,LOW,YES,N/A,unknown,MEDIUM,NOT_IN_ENRICHMENT_FRAME,BLOCKED_MISSING_SOURCE,NO
calibration_eligible_flag,quality_governance,promo_governance,BLOCKED_MISSING_SOURCE,2,BLOCKED,LOW,YES,N/A,unknown,MEDIUM,NOT_IN_ENRICHMENT_FRAME,BLOCKED_MISSING_SOURCE,NO
cash_efficiency_regime,regime_brain,promo_regime_brain,BLOCKED_MISSING_SOURCE,2,BLOCKED,LOW,YES,N/A,unknown,MEDIUM,NOT_IN_ENRICHMENT_FRAME,BLOCKED_MISSING_SOURCE,NO
constraint_block_flag,quality_governance,promo_governance,BLOCKED_MISSING_SOURCE,2,BLOCKED,LOW,YES,N/A,unknown,MEDIUM,NOT_IN_ENRICHMENT_FRAME,BLOCKED_MISSING_SOURCE,NO
current_soh,stock_optimal,promo_stock_optimal,BLOCKED_MISSING_SOURCE,2,BLOCKED,LOW,YES,N/A,unknown,MEDIUM,NOT_IN_ENRICHMENT_FRAME,BLOCKED_MISSING_SOURCE,NO
current_stock_position_label,stock_optimal,promo_stock_optimal,BLOCKED_MISSING_SOURCE,2,BLOCKED,LOW,YES,N/A,unknown,MEDIUM,NOT_IN_ENRICHMENT_FRAME,BLOCKED_MISSING_SOURCE,NO
customer_basket_trust_regime,regime_brain,promo_regime_brain,BLOCKED_MISSING_SOURCE,2,BLOCKED,LOW,YES,N/A,unknown,MEDIUM,NOT_IN_ENRICHMENT_FRAME,BLOCKED_MISSING_SOURCE,NO
customer_loyalty_regime,regime_brain,promo_regime_brain,BLOCKED_MISSING_SOURCE,2,BLOCKED,LOW,YES,N/A,unknown,MEDIUM,NOT_IN_ENRICHMENT_FRAME,BLOCKED_MISSING_SOURCE,NO
customer_price_sensitivity_regime,regime_brain,promo_regime_brain,BLOCKED_MISSING_SOURCE,2,BLOCKED,LOW,YES,N/A,unknown,MEDIUM,NOT_IN_ENRICHMENT_FRAME,BLOCKED_MISSING_SOURCE,NO
expected_gp_capture_value,economic_triage,promo_economic_triage,BLOCKED_MISSING_SOURCE,2,BLOCKED,LOW,YES,N/A,unknown,MEDIUM,NOT_IN_ENRICHMENT_FRAME,BLOCKED_MISSING_SOURCE,NO
expected_normal_units_during_promo,demand_uplift,promo_demand_features,BLOCKED_MISSING_SOURCE,2,BLOCKED,LOW,YES,N/A,unknown,MEDIUM,NOT_IN_ENRICHMENT_FRAME,BLOCKED_MISSING_SOURCE,NO
expected_promo_uplift_units,demand_uplift,promo_demand_features,BLOCKED_MISSING_SOURCE,2,BLOCKED,LOW,YES,N/A,unknown,MEDIUM,NOT_IN_ENRICHMENT_FRAME,BLOCKED_MISSING_SOURCE,NO
expected_soh_at_promo_start_before_order,stock_optimal,promo_stock_optimal,BLOCKED_MISSING_SOURCE,2,BLOCKED,LOW,YES,N/A,unknown,MEDIUM,NOT_IN_ENRICHMENT_FRAME,BLOCKED_MISSING_SOURCE,NO
expected_total_promo_demand_units,demand_uplift,promo_demand_features,BLOCKED_MISSING_SOURCE,2,BLOCKED,LOW,YES,N/A,unknown,MEDIUM,NOT_IN_ENRICHMENT_FRAME,BLOCKED_MISSING_SOURCE,NO
feature_avg_basket_gp_when_present,basket_trust,promo_basket_trust,BLOCKED_MISSING_SOURCE,2,BLOCKED,LOW,YES,N/A,unknown,MEDIUM,NOT_IN_ENRICHMENT_FRAME,BLOCKED_MISSING_SOURCE,NO
feature_avg_basket_value_when_present,basket_trust,promo_basket_trust,BLOCKED_MISSING_SOURCE,2,BLOCKED,LOW,YES,N/A,unknown,MEDIUM,NOT_IN_ENRICHMENT_FRAME,BLOCKED_MISSING_SOURCE,NO
feature_basket_3plus_attach_rate,basket_trust,promo_basket_trust,BLOCKED_MISSING_SOURCE,2,BLOCKED,LOW,YES,N/A,unknown,MEDIUM,NOT_IN_ENRICHMENT_FRAME,BLOCKED_MISSING_SOURCE,NO
feature_basket_5plus_attach_rate,basket_trust,promo_basket_trust,BLOCKED_MISSING_SOURCE,2,BLOCKED,LOW,YES,N/A,unknown,MEDIUM,NOT_IN_ENRICHMENT_FRAME,BLOCKED_MISSING_SOURCE,NO
feature_basket_attach_rate,basket_trust,promo_basket_trust,BLOCKED_MISSING_SOURCE,2,BLOCKED,LOW,YES,N/A,unknown,MEDIUM,NOT_IN_ENRICHMENT_FRAME,BLOCKED_MISSING_SOURCE,NO
feature_sister_club_attach_rate,basket_trust,promo_basket_trust,BLOCKED_MISSING_SOURCE,2,BLOCKED,LOW,YES,N/A,unknown,MEDIUM,NOT_IN_ENRICHMENT_FRAME,BLOCKED_MISSING_SOURCE,NO
long_tail_mission_sku_flag,basket_trust,promo_basket_trust,BLOCKED_MISSING_SOURCE,2,BLOCKED,LOW,YES,N/A,unknown,MEDIUM,NOT_IN_ENRICHMENT_FRAME,BLOCKED_MISSING_SOURCE,NO
long_tail_protection_value,basket_trust,promo_basket_trust,BLOCKED_MISSING_SOURCE,2,BLOCKED,LOW,YES,N/A,unknown,MEDIUM,NOT_IN_ENRICHMENT_FRAME,BLOCKED_MISSING_SOURCE,NO
optimal_base_soh_units,stock_optimal,promo_stock_optimal,BLOCKED_MISSING_SOURCE,2,BLOCKED,LOW,YES,N/A,unknown,MEDIUM,NOT_IN_ENRICHMENT_FRAME,BLOCKED_MISSING_SOURCE,NO
overall_regime_opportunity_score,regime_brain,promo_regime_brain,BLOCKED_MISSING_SOURCE,2,BLOCKED,LOW,YES,N/A,unknown,MEDIUM,NOT_IN_ENRICHMENT_FRAME,BLOCKED_MISSING_SOURCE,NO
overall_regime_risk_score,regime_brain,promo_regime_brain,BLOCKED_MISSING_SOURCE,2,BLOCKED,LOW,YES,N/A,unknown,MEDIUM,NOT_IN_ENRICHMENT_FRAME,BLOCKED_MISSING_SOURCE,NO
promo_convexity_score,demand_uplift,promo_demand_features,BLOCKED_MISSING_SOURCE,2,BLOCKED,LOW,YES,N/A,unknown,MEDIUM,NOT_IN_ENRICHMENT_FRAME,BLOCKED_MISSING_SOURCE,NO
promo_discount_regime,regime_brain,promo_regime_brain,BLOCKED_MISSING_SOURCE,2,BLOCKED,LOW,YES,N/A,unknown,MEDIUM,NOT_IN_ENRICHMENT_FRAME,BLOCKED_MISSING_SOURCE,NO
promo_start_soh_resolved,stock_optimal,promo_stock_optimal,BLOCKED_MISSING_SOURCE,2,BLOCKED,LOW,YES,N/A,unknown,MEDIUM,NOT_IN_ENRICHMENT_FRAME,BLOCKED_MISSING_SOURCE,NO
promo_start_soh_source_quality,quality_governance,promo_governance,BLOCKED_MISSING_SOURCE,2,BLOCKED,LOW,YES,N/A,unknown,MEDIUM,NOT_IN_ENRICHMENT_FRAME,BLOCKED_MISSING_SOURCE,NO
promo_uplift_multiplier,demand_uplift,promo_demand_features,BLOCKED_MISSING_SOURCE,2,BLOCKED,LOW,YES,N/A,unknown,MEDIUM,NOT_IN_ENRICHMENT_FRAME,BLOCKED_MISSING_SOURCE,NO
range_trust_sku_score,basket_trust,promo_basket_trust,BLOCKED_MISSING_SOURCE,2,BLOCKED,LOW,YES,N/A,unknown,MEDIUM,NOT_IN_ENRICHMENT_FRAME,BLOCKED_MISSING_SOURCE,NO
recent_momentum_regime,demand_uplift,promo_demand_features,BLOCKED_MISSING_SOURCE,2,BLOCKED,LOW,YES,N/A,unknown,MEDIUM,NOT_IN_ENRICHMENT_FRAME,BLOCKED_MISSING_SOURCE,NO
replenishment_lead_time_days,supplier_replenishment,derived_or_phase_extension,BLOCKED_MISSING_SOURCE,2,BLOCKED,LOW,YES,N/A,unknown,MEDIUM,NOT_IN_ENRICHMENT_FRAME,BLOCKED_MISSING_SOURCE,NO
replenishment_reliability,supplier_replenishment,derived_or_phase_extension,BLOCKED_MISSING_SOURCE,2,BLOCKED,LOW,YES,N/A,unknown,MEDIUM,NOT_IN_ENRICHMENT_FRAME,BLOCKED_MISSING_SOURCE,NO
sku_demand_regime,demand_uplift,promo_demand_features,BLOCKED_MISSING_SOURCE,2,BLOCKED,LOW,YES,N/A,unknown,MEDIUM,NOT_IN_ENRICHMENT_FRAME,BLOCKED_MISSING_SOURCE,NO
store_sales_regime,regime_brain,promo_regime_brain,BLOCKED_MISSING_SOURCE,2,BLOCKED,LOW,YES,N/A,unknown,MEDIUM,NOT_IN_ENRICHMENT_FRAME,BLOCKED_MISSING_SOURCE,NO
supplier_economic_risk_cost,supplier_replenishment,derived_or_phase_extension,BLOCKED_MISSING_SOURCE,2,BLOCKED,LOW,YES,N/A,unknown,MEDIUM,NOT_IN_ENRICHMENT_FRAME,BLOCKED_MISSING_SOURCE,NO
supplier_number_resolved,supplier_replenishment,derived_or_phase_extension,BLOCKED_MISSING_SOURCE,2,BLOCKED,LOW,YES,N/A,unknown,MEDIUM,NOT_IN_ENRICHMENT_FRAME,BLOCKED_MISSING_SOURCE,NO
supplier_risk_cost,supplier_replenishment,derived_or_phase_extension,BLOCKED_MISSING_SOURCE,2,BLOCKED,LOW,YES,N/A,unknown,MEDIUM,NOT_IN_ENRICHMENT_FRAME,BLOCKED_MISSING_SOURCE,NO
target_day_one_promo_soh,stock_optimal,promo_stock_optimal,BLOCKED_MISSING_SOURCE,2,BLOCKED,LOW,YES,N/A,unknown,MEDIUM,NOT_IN_ENRICHMENT_FRAME,BLOCKED_MISSING_SOURCE,NO
target_end_promo_soh,stock_optimal,promo_stock_optimal,BLOCKED_MISSING_SOURCE,2,BLOCKED,LOW,YES,N/A,unknown,MEDIUM,NOT_IN_ENRICHMENT_FRAME,BLOCKED_MISSING_SOURCE,NO
unsafe_flag,quality_governance,promo_governance,BLOCKED_MISSING_SOURCE,2,BLOCKED,LOW,YES,N/A,unknown,MEDIUM,NOT_IN_ENRICHMENT_FRAME,BLOCKED_MISSING_SOURCE,NO
adjacent_expected_units,derived_or_phase_extension,phase6e_enrichment,DIAGNOSTICS_ONLY,2,BLOCKED,LOW,YES,KEEP_NAN_NOT_ZERO,float64,MEDIUM,ADJACENT_MUST_NOT_REPLACE_FORECAST,DIAGNOSTICS_ONLY,NO
active_learning_candidate_flag,derived_or_phase_extension,phase6e_enrichment,READY_TO_MERGE,2,SAFE,LOW,YES,KEEP_UNKNOWN_LABEL,string,MEDIUM,,MERGE,YES
active_learning_rank,derived_or_phase_extension,phase6e_enrichment,READY_TO_MERGE,2,SAFE,LOW,YES,KEEP_NAN_NOT_ZERO,float64,MEDIUM,,MERGE,YES
ats_missing_reason,derived_or_phase_extension,phase6e_enrichment,READY_TO_MERGE,2,SAFE,LOW,YES,KEEP_UNKNOWN_LABEL,string,MEDIUM,,MERGE,YES
dag_adjacent_path_simulation_evidence_count,derived_or_phase_extension,phase6e_enrichment,READY_TO_MERGE,2,SAFE,LOW,YES,KEEP_NAN_NOT_ZERO,float64,MEDIUM,,MERGE,YES
dag_adjacent_path_simulation_last_updated,derived_or_phase_extension,phase6e_enrichment,READY_TO_MERGE,2,SAFE,LOW,YES,KEEP_UNKNOWN_LABEL,string,MEDIUM,,MERGE,YES
dag_adjacent_path_simulation_missing_reason,derived_or_phase_extension,phase6e_enrichment,READY_TO_MERGE,2,SAFE,LOW,YES,KEEP_UNKNOWN_LABEL,string,MEDIUM,,MERGE,YES
dag_available_to_sell_confidence_evidence_count,derived_or_phase_extension,phase6e_enrichment,READY_TO_MERGE,2,SAFE,LOW,YES,KEEP_NAN_NOT_ZERO,float64,MEDIUM,,MERGE,YES
dag_available_to_sell_confidence_last_updated,derived_or_phase_extension,phase6e_enrichment,READY_TO_MERGE,2,SAFE,LOW,YES,KEEP_UNKNOWN_LABEL,string,MEDIUM,,MERGE,YES
dag_available_to_sell_confidence_missing_reason,derived_or_phase_extension,phase6e_enrichment,READY_TO_MERGE,2,SAFE,LOW,YES,KEEP_UNKNOWN_LABEL,string,MEDIUM,,MERGE,YES
dag_basket_attachment_evidence_count,derived_or_phase_extension,phase6e_enrichment,READY_TO_MERGE,2,SAFE,LOW,YES,KEEP_NAN_NOT_ZERO,float64,MEDIUM,,MERGE,YES
dag_basket_attachment_last_updated,derived_or_phase_extension,phase6e_enrichment,READY_TO_MERGE,2,SAFE,LOW,YES,KEEP_UNKNOWN_LABEL,string,MEDIUM,,MERGE,YES
dag_basket_attachment_missing_reason,derived_or_phase_extension,phase6e_enrichment,READY_TO_MERGE,2,SAFE,LOW,YES,KEEP_UNKNOWN_LABEL,string,MEDIUM,,MERGE,YES
dag_bias_calibration_evidence_count,derived_or_phase_extension,phase6e_enrichment,READY_TO_MERGE,2,SAFE,LOW,YES,KEEP_NAN_NOT_ZERO,float64,MEDIUM,,MERGE,YES
dag_bias_calibration_last_updated,derived_or_phase_extension,phase6e_enrichment,READY_TO_MERGE,2,SAFE,LOW,YES,KEEP_UNKNOWN_LABEL,string,MEDIUM,,MERGE,YES
dag_bias_calibration_missing_reason,derived_or_phase_extension,phase6e_enrichment,READY_TO_MERGE,2,SAFE,LOW,YES,KEEP_UNKNOWN_LABEL,string,MEDIUM,,MERGE,YES
dag_brain_forecast_evidence_count,derived_or_phase_extension,phase6e_enrichment,READY_TO_MERGE,2,SAFE,LOW,YES,KEEP_NAN_NOT_ZERO,float64,MEDIUM,,MERGE,YES
dag_brain_forecast_last_updated,derived_or_phase_extension,phase6e_enrichment,READY_TO_MERGE,2,SAFE,LOW,YES,KEEP_UNKNOWN_LABEL,string,MEDIUM,,MERGE,YES
dag_brain_forecast_missing_reason,derived_or_phase_extension,phase6e_enrichment,READY_TO_MERGE,2,SAFE,LOW,YES,KEEP_UNKNOWN_LABEL,string,MEDIUM,,MERGE,YES
dag_decision_path_quality,dag_knowledge_graph_memory,promo_brain_state_audit,READY_TO_MERGE,2,SAFE,LOW,YES,KEEP_UNKNOWN_LABEL,string,MEDIUM,,MERGE,YES
dag_governance_constraints_evidence_count,derived_or_phase_extension,phase6e_enrichment,READY_TO_MERGE,2,SAFE,LOW,YES,KEEP_NAN_NOT_ZERO,float64,MEDIUM,,MERGE,YES
dag_governance_constraints_last_updated,derived_or_phase_extension,phase6e_enrichment,READY_TO_MERGE,2,SAFE,LOW,YES,KEEP_UNKNOWN_LABEL,string,MEDIUM,,MERGE,YES
dag_governance_constraints_missing_reason,derived_or_phase_extension,phase6e_enrichment,READY_TO_MERGE,2,SAFE,LOW,YES,KEEP_UNKNOWN_LABEL,string,MEDIUM,,MERGE,YES
dag_human_review_evidence_count,derived_or_phase_extension,phase6e_enrichment,READY_TO_MERGE,2,SAFE,LOW,YES,KEEP_NAN_NOT_ZERO,float64,MEDIUM,,MERGE,YES
dag_human_review_last_updated,derived_or_phase_extension,phase6e_enrichment,READY_TO_MERGE,2,SAFE,LOW,YES,KEEP_UNKNOWN_LABEL,string,MEDIUM,,MERGE,YES
dag_human_review_missing_reason,derived_or_phase_extension,phase6e_enrichment,READY_TO_MERGE,2,SAFE,LOW,YES,KEEP_UNKNOWN_LABEL,string,MEDIUM,,MERGE,YES
dag_lesson_update_evidence_count,derived_or_phase_extension,phase6e_enrichment,READY_TO_MERGE,2,SAFE,LOW,YES,KEEP_NAN_NOT_ZERO,float64,MEDIUM,,MERGE,YES
dag_lesson_update_last_updated,derived_or_phase_extension,phase6e_enrichment,READY_TO_MERGE,2,SAFE,LOW,YES,KEEP_UNKNOWN_LABEL,string,MEDIUM,,MERGE,YES
dag_lesson_update_missing_reason,derived_or_phase_extension,phase6e_enrichment,READY_TO_MERGE,2,SAFE,LOW,YES,KEEP_UNKNOWN_LABEL,string,MEDIUM,,MERGE,YES
dag_missing_state_count,derived_or_phase_extension,phase6e_enrichment,READY_TO_MERGE,2,SAFE,LOW,YES,KEEP_NAN_NOT_ZERO,float64,MEDIUM,,MERGE,YES
dag_mission_sku_role_evidence_count,derived_or_phase_extension,phase6e_enrichment,READY_TO_MERGE,2,SAFE,LOW,YES,KEEP_NAN_NOT_ZERO,float64,MEDIUM,,MERGE,YES
dag_mission_sku_role_last_updated,derived_or_phase_extension,phase6e_enrichment,READY_TO_MERGE,2,SAFE,LOW,YES,KEEP_UNKNOWN_LABEL,string,MEDIUM,,MERGE,YES
dag_mission_sku_role_missing_reason,derived_or_phase_extension,phase6e_enrichment,READY_TO_MERGE,2,SAFE,LOW,YES,KEEP_UNKNOWN_LABEL,string,MEDIUM,,MERGE,YES
dag_optimal_stock_target_evidence_count,derived_or_phase_extension,phase6e_enrichment,READY_TO_MERGE,2,SAFE,LOW,YES,KEEP_NAN_NOT_ZERO,float64,MEDIUM,,MERGE,YES
dag_optimal_stock_target_last_updated,derived_or_phase_extension,phase6e_enrichment,READY_TO_MERGE,2,SAFE,LOW,YES,KEEP_UNKNOWN_LABEL,string,MEDIUM,,MERGE,YES
dag_optimal_stock_target_missing_reason,derived_or_phase_extension,phase6e_enrichment,READY_TO_MERGE,2,SAFE,LOW,YES,KEEP_UNKNOWN_LABEL,string,MEDIUM,,MERGE,YES
dag_promo_uplift_estimate_evidence_count,derived_or_phase_extension,phase6e_enrichment,READY_TO_MERGE,2,SAFE,LOW,YES,KEEP_NAN_NOT_ZERO,float64,MEDIUM,,MERGE,YES
dag_promo_uplift_estimate_last_updated,derived_or_phase_extension,phase6e_enrichment,READY_TO_MERGE,2,SAFE,LOW,YES,KEEP_UNKNOWN_LABEL,string,MEDIUM,,MERGE,YES
dag_promo_uplift_estimate_missing_reason,derived_or_phase_extension,phase6e_enrichment,READY_TO_MERGE,2,SAFE,LOW,YES,KEEP_UNKNOWN_LABEL,string,MEDIUM,,MERGE,YES
dag_raw_promo_advice_evidence_count,derived_or_phase_extension,phase6e_enrichment,READY_TO_MERGE,2,SAFE,LOW,YES,KEEP_NAN_NOT_ZERO,float64,MEDIUM,,MERGE,YES
dag_raw_promo_advice_last_updated,derived_or_phase_extension,phase6e_enrichment,READY_TO_MERGE,2,SAFE,LOW,YES,KEEP_UNKNOWN_LABEL,string,MEDIUM,,MERGE,YES
dag_raw_promo_advice_missing_reason,derived_or_phase_extension,phase6e_enrichment,READY_TO_MERGE,2,SAFE,LOW,YES,KEEP_UNKNOWN_LABEL,string,MEDIUM,,MERGE,YES
dag_raw_stock_position_evidence_count,derived_or_phase_extension,phase6e_enrichment,READY_TO_MERGE,2,SAFE,LOW,YES,KEEP_NAN_NOT_ZERO,float64,MEDIUM,,MERGE,YES
dag_raw_stock_position_last_updated,derived_or_phase_extension,phase6e_enrichment,READY_TO_MERGE,2,SAFE,LOW,YES,KEEP_UNKNOWN_LABEL,string,MEDIUM,,MERGE,YES
dag_raw_stock_position_missing_reason,derived_or_phase_extension,phase6e_enrichment,READY_TO_MERGE,2,SAFE,LOW,YES,KEEP_UNKNOWN_LABEL,string,MEDIUM,,MERGE,YES
dag_raw_supplier_history_evidence_count,derived_or_phase_extension,phase6e_enrichment,READY_TO_MERGE,2,SAFE,LOW,YES,KEEP_NAN_NOT_ZERO,float64,MEDIUM,,MERGE,YES
dag_raw_supplier_history_last_updated,derived_or_phase_extension,phase6e_enrichment,READY_TO_MERGE,2,SAFE,LOW,YES,KEEP_UNKNOWN_LABEL,string,MEDIUM,,MERGE,YES
dag_raw_supplier_history_missing_reason,derived_or_phase_extension,phase6e_enrichment,READY_TO_MERGE,2,SAFE,LOW,YES,KEEP_UNKNOWN_LABEL,string,MEDIUM,,MERGE,YES
dag_raw_transaction_history_evidence_count,derived_or_phase_extension,phase6e_enrichment,READY_TO_MERGE,2,SAFE,LOW,YES,KEEP_NAN_NOT_ZERO,float64,MEDIUM,,MERGE,YES
dag_raw_transaction_history_last_updated,derived_or_phase_extension,phase6e_enrichment,READY_TO_MERGE,2,SAFE,LOW,YES,KEEP_UNKNOWN_LABEL,string,MEDIUM,,MERGE,YES
dag_raw_transaction_history_missing_reason,derived_or_phase_extension,phase6e_enrichment,READY_TO_MERGE,2,SAFE,LOW,YES,KEEP_UNKNOWN_LABEL,string,MEDIUM,,MERGE,YES
dag_repairable_nodes_populated_count,derived_or_phase_extension,phase6e_enrichment,READY_TO_MERGE,2,SAFE,LOW,YES,KEEP_NAN_NOT_ZERO,float64,MEDIUM,,MERGE,YES
dag_state_coverage_score,dag_knowledge_graph_memory,promo_brain_state_audit,READY_TO_MERGE,2,SAFE,LOW,YES,KEEP_NAN_NOT_ZERO,float64,MEDIUM,,MERGE,YES
dag_unpopulated_repairable_nodes_count,derived_or_phase_extension,phase6e_enrichment,READY_TO_MERGE,2,SAFE,LOW,YES,KEEP_NAN_NOT_ZERO,float64,MEDIUM,,MERGE,YES
dag_unrepairable_without_new_data_count,derived_or_phase_extension,phase6e_enrichment,READY_TO_MERGE,2,SAFE,LOW,YES,KEEP_NAN_NOT_ZERO,float64,MEDIUM,,MERGE,YES
