SKU,description,department,current_soh,expected_soh_at_promo_start_before_order,long_tail_minimum_soh_required,basket_attachment_score,basket_mission_importance_score,long_tail_stockout_risk_score,long_tail_protection_value,basket_trust_convexity_value,action_recommendation,data_fix_required,human_interpretation
87550,0.0,SUNCARE,3.0,3.0,0.0,0.0,0.0,60.0,143.88,0.0,Review long-tail stockout risk before promo,Need basket attachment evidence,Long-tail SKU with potential basket role
91441,0.0,HAIRCARE,2.0,2.0,2.0,0.0,0.0,60.0,138.435,0.0,Review long-tail stockout risk before promo,Need basket attachment evidence,Long-tail SKU with potential basket role
277908,0.0,HAIRCARE,1.0,1.0,0.0,0.0,0.0,90.0,125.235,0.0,Review long-tail stockout risk before promo,Need basket attachment evidence,Long-tail SKU with potential basket role
74028,0.0,SKINCARE,6.0,6.0,0.0,0.0,0.0,60.0,124.92,0.0,Review long-tail stockout risk before promo,Need basket attachment evidence,Long-tail SKU with potential basket role
91438,0.0,HAIRCARE,1.0,1.0,2.0,0.0,0.0,90.0,100.68,0.0,Protect long-tail basket SKU; verify 2-unit minimum SOH,Need basket attachment evidence,Long-tail SKU with potential basket role
188710,0.0,SKINCARE,6.0,6.0,0.0,0.0,0.0,60.0,80.64,0.0,Review long-tail stockout risk before promo,Need basket attachment evidence,Long-tail SKU with potential basket role
91439,0.0,HAIRCARE,1.0,1.0,2.0,0.0,0.0,90.0,75.495,0.0,Protect long-tail basket SKU; verify 2-unit minimum SOH,Need basket attachment evidence,Long-tail SKU with potential basket role
187118,0.0,HAIRCARE,2.0,2.0,2.0,0.0,0.0,60.0,74.85,0.0,Review long-tail stockout risk before promo,Need basket attachment evidence,Long-tail SKU with potential basket role
188715,0.0,SKINCARE,9.0,9.0,0.0,0.0,0.0,60.0,71.55,0.0,Review long-tail stockout risk before promo,Need basket attachment evidence,Long-tail SKU with potential basket role
92236,0.0,HAIRCARE,6.0,6.0,0.0,0.0,0.0,60.0,71.55,0.0,Review long-tail stockout risk before promo,Need basket attachment evidence,Long-tail SKU with potential basket role
307831,0.0,SKINCARE,6.0,6.0,0.0,0.0,0.0,60.0,71.1,0.0,Review long-tail stockout risk before promo,Need basket attachment evidence,Long-tail SKU with potential basket role
55887,0.0,SKINCARE,6.0,6.0,0.0,0.0,0.0,60.0,70.35,0.0,Review long-tail stockout risk before promo,Need basket attachment evidence,Long-tail SKU with potential basket role
188699,0.0,SKINCARE,6.0,6.0,0.0,0.0,0.0,60.0,53.76,0.0,Review long-tail stockout risk before promo,Need basket attachment evidence,Long-tail SKU with potential basket role
90912,0.0,SKINCARE,9.0,9.0,0.0,0.0,0.0,60.0,51.3,0.0,Review long-tail stockout risk before promo,Need basket attachment evidence,Long-tail SKU with potential basket role
87758,0.0,SKINCARE,8.0,8.0,0.0,0.0,0.0,60.0,47.55,0.0,Review long-tail stockout risk before promo,Need basket attachment evidence,Long-tail SKU with potential basket role
94507,0.0,SKINCARE,1.0,1.0,2.0,0.0,0.0,90.0,38.49,0.0,Protect long-tail basket SKU; verify 2-unit minimum SOH,Need basket attachment evidence,Long-tail SKU with potential basket role
199243,0.0,SKINCARE,3.0,3.0,0.0,0.0,0.0,60.0,37.125,0.0,Review long-tail stockout risk before promo,Need basket attachment evidence,Long-tail SKU with potential basket role
188720,0.0,SKINCARE,3.0,3.0,0.0,0.0,0.0,60.0,33.9,0.0,Review long-tail stockout risk before promo,Need basket attachment evidence,Long-tail SKU with potential basket role
93951,0.0,HAIR ACC BRUSHES,6.0,6.0,0.0,0.0,0.0,60.0,29.835,0.0,Review long-tail stockout risk before promo,Need basket attachment evidence,Long-tail SKU with potential basket role
93914,0.0,HAIR ACC BRUSHES,6.0,6.0,0.0,0.0,0.0,56.9,28.26,0.0,Review long-tail stockout risk before promo,Need basket attachment evidence,Long-tail SKU with potential basket role
606421,0.0,VITAMIN SUPPLEMENT,6.0,6.0,0.0,0.0,0.0,45.6,28.2,0.0,Review long-tail stockout risk before promo,Need basket attachment evidence,Long-tail SKU with potential basket role
94663,0.0,SKINCARE,6.0,6.0,0.0,0.0,0.0,60.0,27.09,0.0,Review long-tail stockout risk before promo,Need basket attachment evidence,Long-tail SKU with potential basket role
188954,0.0,SKINCARE,2.0,2.0,2.0,0.0,0.0,60.0,22.23,0.0,Review long-tail stockout risk before promo,Need basket attachment evidence,Long-tail SKU with potential basket role
91442,0.0,HAIRCARE,2.0,2.0,2.0,0.0,0.0,60.0,21.57,0.0,Review long-tail stockout risk before promo,Need basket attachment evidence,Long-tail SKU with potential basket role
188716,0.0,SKINCARE,3.0,3.0,0.0,0.0,0.0,60.0,19.92,0.0,Review long-tail stockout risk before promo,Need basket attachment evidence,Long-tail SKU with potential basket role
94078,0.0,COLOUR COSMETICS,3.0,3.0,0.0,0.0,0.0,60.0,18.63,0.0,Review long-tail stockout risk before promo,Need basket attachment evidence,Long-tail SKU with potential basket role
63416,0.0,SKINCARE,3.0,3.0,0.0,0.0,0.0,60.0,16.05,0.0,Review long-tail stockout risk before promo,Need basket attachment evidence,Long-tail SKU with potential basket role
67434,0.0,SUNCARE,2.0,2.0,0.0,0.0,0.0,60.0,15.66,0.0,Review long-tail stockout risk before promo,Need basket attachment evidence,Long-tail SKU with potential basket role
59972,0.0,SKINCARE,6.0,6.0,0.0,0.0,0.0,60.0,14.28,0.0,Review long-tail stockout risk before promo,Need basket attachment evidence,Long-tail SKU with potential basket role
199841,0.0,SKINCARE,4.0,4.0,0.0,0.0,0.0,48.2,12.855,0.0,Review long-tail stockout risk before promo,Need basket attachment evidence,Long-tail SKU with potential basket role
199068,0.0,COLOUR COSMETICS,3.0,3.0,0.0,0.0,0.0,60.0,12.24,0.0,Review long-tail stockout risk before promo,Need basket attachment evidence,Long-tail SKU with potential basket role
199068,0.0,COLOUR COSMETICS,3.0,3.0,0.0,0.0,0.0,60.0,9.72,0.0,Review long-tail stockout risk before promo,Need basket attachment evidence,Long-tail SKU with potential basket role
16316,0.0,SKINCARE,3.0,3.0,0.0,0.0,0.0,53.6,8.685,0.0,Review long-tail stockout risk before promo,Need basket attachment evidence,Long-tail SKU with potential basket role
189272,0.0,SKINCARE,4.0,4.0,0.0,0.0,0.0,54.8,8.025,0.0,Review long-tail stockout risk before promo,Need basket attachment evidence,Long-tail SKU with potential basket role
274526,0.0,VITAMIN SUPPLEMENT,3.0,3.0,0.0,0.0,0.0,60.0,7.695,0.0,Review long-tail stockout risk before promo,Need basket attachment evidence,Long-tail SKU with potential basket role
184677,0.0,SKINCARE,1.0,1.0,2.0,0.0,0.0,86.5,7.41,0.0,Protect long-tail basket SKU; verify 2-unit minimum SOH,Need basket attachment evidence,Long-tail SKU with potential basket role
2839,0.0,SKINCARE,6.0,6.0,0.0,0.0,0.0,60.0,7.08,0.0,Review long-tail stockout risk before promo,Need basket attachment evidence,Long-tail SKU with potential basket role
56157,0.0,BATH TOILETRIES,4.0,4.0,0.0,0.0,0.0,60.0,5.7,0.0,Review long-tail stockout risk before promo,Need basket attachment evidence,Long-tail SKU with potential basket role
90123,0.0,VITAMIN SUPPLEMENT,2.0,2.0,2.0,0.0,0.0,60.0,5.22,0.0,Review long-tail stockout risk before promo,Need basket attachment evidence,Long-tail SKU with potential basket role
187645,0.0,SUNCARE,8.0,8.0,0.0,0.0,0.0,60.0,5.01,0.0,Review long-tail stockout risk before promo,Need basket attachment evidence,Long-tail SKU with potential basket role
197891,0.0,COLOUR COSMETICS,3.0,3.0,0.0,0.0,0.0,60.0,4.665,0.0,Review long-tail stockout risk before promo,Need basket attachment evidence,Long-tail SKU with potential basket role
93904,0.0,HAIR ACC BRUSHES,2.0,2.0,2.0,0.0,0.0,57.2,3.915,0.0,Review long-tail stockout risk before promo,Need basket attachment evidence,Long-tail SKU with potential basket role
24179,0.0,BATH TOILETRIES,4.0,4.0,0.0,0.0,0.0,60.0,3.195,0.0,Review long-tail stockout risk before promo,Need basket attachment evidence,Long-tail SKU with potential basket role
14742,0.0,BATH TOILETRIES,8.0,8.0,0.0,0.0,0.0,60.0,2.85,0.0,Review long-tail stockout risk before promo,Need basket attachment evidence,Long-tail SKU with potential basket role
88250,0.0,COLOUR COSMETICS,3.0,3.0,0.0,0.0,0.0,60.0,2.73,0.0,Review long-tail stockout risk before promo,Need basket attachment evidence,Long-tail SKU with potential basket role
73950,0.0,SKINCARE,1.0,1.0,2.0,0.0,0.0,82.3,2.625,0.0,Protect long-tail basket SKU; verify 2-unit minimum SOH,Need basket attachment evidence,Long-tail SKU with potential basket role
188688,0.0,HAIRCARE,3.0,3.0,0.0,0.0,0.0,58.6,0.0,0.0,Review long-tail stockout risk before promo,Need basket attachment evidence,Long-tail SKU with potential basket role
188953,0.0,SKINCARE,2.0,2.0,0.0,0.0,0.0,40.0,0.0,0.0,Review long-tail stockout risk before promo,Need basket attachment evidence,Long-tail SKU with potential basket role
192356,0.0,BEAUTY ELECTRICAL,1.0,1.0,0.0,0.0,0.0,90.0,0.0,0.0,Review long-tail stockout risk before promo,Need basket attachment evidence,Long-tail SKU with potential basket role
192577,0.0,ORAL HEALTH,1.0,1.0,0.0,0.0,0.0,90.0,0.0,0.0,Review long-tail stockout risk before promo,Need basket attachment evidence,Long-tail SKU with potential basket role
192806,0.0,ORAL HEALTH,1.0,1.0,0.0,0.0,0.0,70.0,0.0,0.0,Review long-tail stockout risk before promo,Need basket attachment evidence,Long-tail SKU with potential basket role
196504,0.0,HAIRCARE,2.0,2.0,0.0,0.0,0.0,40.0,0.0,0.0,Review long-tail stockout risk before promo,Need basket attachment evidence,Long-tail SKU with potential basket role
199739,0.0,SKINCARE,1.0,1.0,0.0,0.0,0.0,70.0,0.0,0.0,Review long-tail stockout risk before promo,Need basket attachment evidence,Long-tail SKU with potential basket role
199955,0.0,SKINCARE,3.0,3.0,0.0,0.0,0.0,40.0,0.0,0.0,Review long-tail stockout risk before promo,Need basket attachment evidence,Long-tail SKU with potential basket role
234931,0.0,SKINCARE,3.0,3.0,0.0,0.0,0.0,40.0,0.0,0.0,Review long-tail stockout risk before promo,Need basket attachment evidence,Long-tail SKU with potential basket role
267333,0.0,ORAL HEALTH,2.0,2.0,0.0,0.0,0.0,40.0,0.0,0.0,Review long-tail stockout risk before promo,Need basket attachment evidence,Long-tail SKU with potential basket role
267368,0.0,ORAL HEALTH,2.0,2.0,0.0,0.0,0.0,40.0,0.0,0.0,Review long-tail stockout risk before promo,Need basket attachment evidence,Long-tail SKU with potential basket role
44972,0.0,BATH TOILETRIES,1.0,1.0,0.0,0.0,0.0,70.0,0.0,0.0,Review long-tail stockout risk before promo,Need basket attachment evidence,Long-tail SKU with potential basket role
44974,0.0,BATH TOILETRIES,1.0,1.0,0.0,0.0,0.0,70.0,0.0,0.0,Review long-tail stockout risk before promo,Need basket attachment evidence,Long-tail SKU with potential basket role
472581,0.0,SKINCARE,1.0,1.0,0.0,0.0,0.0,70.0,0.0,0.0,Review long-tail stockout risk before promo,Need basket attachment evidence,Long-tail SKU with potential basket role
606952,0.0,VITAMIN SUPPLEMENT,1.0,1.0,0.0,0.0,0.0,90.0,0.0,0.0,Review long-tail stockout risk before promo,Need basket attachment evidence,Long-tail SKU with potential basket role
608351,0.0,ORAL HEALTH,6.0,6.0,0.0,0.0,0.0,60.0,0.0,0.0,Review long-tail stockout risk before promo,Need basket attachment evidence,Long-tail SKU with potential basket role
65837,0.0,SKINCARE,1.0,1.0,0.0,0.0,0.0,70.0,0.0,0.0,Review long-tail stockout risk before promo,Need basket attachment evidence,Long-tail SKU with potential basket role
67325,0.0,SKINCARE,3.0,3.0,0.0,0.0,0.0,60.0,0.0,0.0,Review long-tail stockout risk before promo,Need basket attachment evidence,Long-tail SKU with potential basket role
67890,0.0,SUNCARE,10.0,10.0,0.0,0.0,0.0,40.0,0.0,0.0,Review long-tail stockout risk before promo,Need basket attachment evidence,Long-tail SKU with potential basket role
73745,0.0,ORAL HEALTH,4.0,4.0,0.0,0.0,0.0,57.2,0.0,0.0,Review long-tail stockout risk before promo,Need basket attachment evidence,Long-tail SKU with potential basket role
869880,0.0,ORAL HEALTH,6.0,6.0,0.0,0.0,0.0,60.0,0.0,0.0,Review long-tail stockout risk before promo,Need basket attachment evidence,Long-tail SKU with potential basket role
87768,0.0,SKINCARE,2.0,2.0,0.0,0.0,0.0,60.0,0.0,0.0,Review long-tail stockout risk before promo,Need basket attachment evidence,Long-tail SKU with potential basket role
88080,0.0,SKINCARE,1.0,1.0,0.0,0.0,0.0,90.0,0.0,0.0,Review long-tail stockout risk before promo,Need basket attachment evidence,Long-tail SKU with potential basket role
88517,0.0,SKINCARE,1.0,1.0,0.0,0.0,0.0,70.0,0.0,0.0,Review long-tail stockout risk before promo,Need basket attachment evidence,Long-tail SKU with potential basket role
90771,0.0,SKINCARE,2.0,2.0,0.0,0.0,0.0,60.0,0.0,0.0,Review long-tail stockout risk before promo,Need basket attachment evidence,Long-tail SKU with potential basket role
91439,0.0,HAIRCARE,3.0,3.0,0.0,0.0,0.0,60.0,0.0,0.0,Review long-tail stockout risk before promo,Need basket attachment evidence,Long-tail SKU with potential basket role
92633,0.0,SUNCARE,3.0,3.0,0.0,0.0,0.0,40.0,0.0,0.0,Review long-tail stockout risk before promo,Need basket attachment evidence,Long-tail SKU with potential basket role
92847,0.0,SKINCARE,6.0,6.0,0.0,0.0,0.0,60.0,0.0,0.0,Review long-tail stockout risk before promo,Need basket attachment evidence,Long-tail SKU with potential basket role
933619,0.0,SKINCARE,2.0,2.0,0.0,0.0,0.0,40.0,0.0,0.0,Review long-tail stockout risk before promo,Need basket attachment evidence,Long-tail SKU with potential basket role
187276,0.0,SKINCARE,1.0,1.0,0.0,0.0,0.0,70.0,0.0,0.0,Review long-tail stockout risk before promo,Need basket attachment evidence,Long-tail SKU with potential basket role
196625,0.0,BEAUTY ACCESSORIES,1.0,1.0,0.0,0.0,0.0,70.0,0.0,0.0,Review long-tail stockout risk before promo,Need basket attachment evidence,Long-tail SKU with potential basket role
196626,0.0,BEAUTY ACCESSORIES,1.0,1.0,0.0,0.0,0.0,70.0,0.0,0.0,Review long-tail stockout risk before promo,Need basket attachment evidence,Long-tail SKU with potential basket role
198027,0.0,DEODORANTS,2.0,2.0,0.0,0.0,0.0,40.0,0.0,0.0,Review long-tail stockout risk before promo,Need basket attachment evidence,Long-tail SKU with potential basket role
198029,0.0,DEODORANTS,2.0,2.0,0.0,0.0,0.0,60.0,0.0,0.0,Review long-tail stockout risk before promo,Need basket attachment evidence,Long-tail SKU with potential basket role
280351,0.0,BEAUTY ACCESSORIES,3.0,3.0,0.0,0.0,0.0,40.0,0.0,0.0,Review long-tail stockout risk before promo,Need basket attachment evidence,Long-tail SKU with potential basket role
280397,0.0,BEAUTY ACCESSORIES,3.0,3.0,0.0,0.0,0.0,40.0,0.0,0.0,Review long-tail stockout risk before promo,Need basket attachment evidence,Long-tail SKU with potential basket role
43897,0.0,HAIRCARE,1.0,1.0,0.0,0.0,0.0,70.0,0.0,0.0,Review long-tail stockout risk before promo,Need basket attachment evidence,Long-tail SKU with potential basket role
58342,0.0,FEMININE CARE,6.0,6.0,0.0,0.0,0.0,40.0,0.0,0.0,Review long-tail stockout risk before promo,Need basket attachment evidence,Long-tail SKU with potential basket role
64519,0.0,HAIRCARE,1.0,1.0,0.0,0.0,0.0,70.0,0.0,0.0,Review long-tail stockout risk before promo,Need basket attachment evidence,Long-tail SKU with potential basket role
696838,0.0,SKINCARE,4.0,4.0,0.0,0.0,0.0,60.0,0.0,0.0,Review long-tail stockout risk before promo,Need basket attachment evidence,Long-tail SKU with potential basket role
88871,0.0,HAIRCARE,1.0,1.0,0.0,0.0,0.0,70.0,0.0,0.0,Review long-tail stockout risk before promo,Need basket attachment evidence,Long-tail SKU with potential basket role
90294,0.0,COLOUR COSMETICS,2.0,2.0,0.0,0.0,0.0,40.0,0.0,0.0,Review long-tail stockout risk before promo,Need basket attachment evidence,Long-tail SKU with potential basket role
92331,0.0,SKINCARE,1.0,1.0,2.0,0.0,0.0,70.0,0.0,0.0,Protect long-tail basket SKU; verify 2-unit minimum SOH,Need basket attachment evidence,Long-tail SKU with potential basket role
62818,0.0,VITAMIN SUPPLEMENT,2.0,2.0,0.0,0.0,0.0,40.0,0.0,0.0,Review long-tail stockout risk before promo,Need basket attachment evidence,Long-tail SKU with potential basket role
87550,0.0,SUNCARE,3.0,3.0,0.0,0.0,0.0,60.0,0.0,0.0,Review long-tail stockout risk before promo,Need basket attachment evidence,Long-tail SKU with potential basket role
88129,0.0,SKINCARE,2.0,2.0,2.0,0.0,0.0,40.0,0.0,0.0,Review long-tail stockout risk before promo,Need basket attachment evidence,Long-tail SKU with potential basket role
91442,0.0,HAIRCARE,2.0,2.0,0.0,0.0,0.0,40.0,0.0,0.0,Review long-tail stockout risk before promo,Need basket attachment evidence,Long-tail SKU with potential basket role
192819,0.0,ORAL HEALTH,1.0,1.0,0.0,0.0,0.0,70.0,0.0,0.0,Review long-tail stockout risk before promo,Need basket attachment evidence,Long-tail SKU with potential basket role
198026,0.0,DEODORANTS,2.0,2.0,0.0,0.0,0.0,40.0,0.0,0.0,Review long-tail stockout risk before promo,Need basket attachment evidence,Long-tail SKU with potential basket role
198027,0.0,DEODORANTS,1.0,1.0,0.0,0.0,0.0,70.0,0.0,0.0,Review long-tail stockout risk before promo,Need basket attachment evidence,Long-tail SKU with potential basket role
198028,0.0,DEODORANTS,1.0,1.0,0.0,0.0,0.0,70.0,0.0,0.0,Review long-tail stockout risk before promo,Need basket attachment evidence,Long-tail SKU with potential basket role
198029,0.0,DEODORANTS,1.0,1.0,0.0,0.0,0.0,70.0,0.0,0.0,Review long-tail stockout risk before promo,Need basket attachment evidence,Long-tail SKU with potential basket role
277908,0.0,HAIRCARE,1.0,1.0,0.0,0.0,0.0,70.0,0.0,0.0,Review long-tail stockout risk before promo,Need basket attachment evidence,Long-tail SKU with potential basket role
5836,0.0,HAIRCARE,1.0,1.0,0.0,0.0,0.0,70.0,0.0,0.0,Review long-tail stockout risk before promo,Need basket attachment evidence,Long-tail SKU with potential basket role
588,0.0,SKINCARE,1.0,1.0,0.0,0.0,0.0,70.0,0.0,0.0,Review long-tail stockout risk before promo,Need basket attachment evidence,Long-tail SKU with potential basket role
60862,0.0,HAIR REMOVAL,1.0,1.0,0.0,0.0,0.0,70.0,0.0,0.0,Review long-tail stockout risk before promo,Need basket attachment evidence,Long-tail SKU with potential basket role
64519,0.0,HAIRCARE,1.0,1.0,0.0,0.0,0.0,70.0,0.0,0.0,Review long-tail stockout risk before promo,Need basket attachment evidence,Long-tail SKU with potential basket role
67862,0.0,HAIRCARE,1.0,1.0,0.0,0.0,0.0,70.0,0.0,0.0,Review long-tail stockout risk before promo,Need basket attachment evidence,Long-tail SKU with potential basket role
91149,0.0,ORAL HEALTH,1.0,1.0,0.0,0.0,0.0,70.0,0.0,0.0,Review long-tail stockout risk before promo,Need basket attachment evidence,Long-tail SKU with potential basket role
93464,0.0,HAIR REMOVAL,1.0,1.0,0.0,0.0,0.0,70.0,0.0,0.0,Review long-tail stockout risk before promo,Need basket attachment evidence,Long-tail SKU with potential basket role
94034,0.0,HAIRCARE,1.0,1.0,0.0,0.0,0.0,70.0,0.0,0.0,Review long-tail stockout risk before promo,Need basket attachment evidence,Long-tail SKU with potential basket role
12757,0.0,BEAUTY ACCESSORIES,1.0,1.0,0.0,0.0,0.0,70.0,0.0,0.0,Review long-tail stockout risk before promo,Need basket attachment evidence,Long-tail SKU with potential basket role
194147,0.0,COLOUR COSMETICS,1.0,1.0,0.0,0.0,0.0,70.0,0.0,0.0,Review long-tail stockout risk before promo,Need basket attachment evidence,Long-tail SKU with potential basket role
199051,0.0,COLOUR COSMETICS,3.0,3.0,0.0,0.0,0.0,40.0,0.0,0.0,Review long-tail stockout risk before promo,Need basket attachment evidence,Long-tail SKU with potential basket role
199803,0.0,BEAUTY ACCESSORIES,3.0,3.0,0.0,0.0,0.0,40.0,0.0,0.0,Review long-tail stockout risk before promo,Need basket attachment evidence,Long-tail SKU with potential basket role
22069,0.0,VITAMIN SUPPLEMENT,1.0,1.0,0.0,0.0,0.0,70.0,0.0,0.0,Review long-tail stockout risk before promo,Need basket attachment evidence,Long-tail SKU with potential basket role
26941,0.0,BATH TOILETRIES,2.0,2.0,2.0,0.0,0.0,40.0,0.0,0.0,Review long-tail stockout risk before promo,Need basket attachment evidence,Long-tail SKU with potential basket role
360376,0.0,SKINCARE,2.0,2.0,0.0,0.0,0.0,60.0,0.0,0.0,Review long-tail stockout risk before promo,Need basket attachment evidence,Long-tail SKU with potential basket role
369403,0.0,INCONTINENCE,3.0,3.0,0.0,0.0,0.0,60.0,0.0,0.0,Review long-tail stockout risk before promo,Need basket attachment evidence,Long-tail SKU with potential basket role
39621,0.0,BEAUTY ACCESSORIES,1.0,1.0,0.0,0.0,0.0,70.0,0.0,0.0,Review long-tail stockout risk before promo,Need basket attachment evidence,Long-tail SKU with potential basket role
58227,0.0,HAIRCARE,1.0,1.0,2.0,0.0,0.0,70.0,0.0,0.0,Protect long-tail basket SKU; verify 2-unit minimum SOH,Need basket attachment evidence,Long-tail SKU with potential basket role
58669,0.0,COLOUR COSMETICS,3.0,3.0,0.0,0.0,0.0,40.0,0.0,0.0,Review long-tail stockout risk before promo,Need basket attachment evidence,Long-tail SKU with potential basket role
59430,0.0,COLOUR COSMETICS,3.0,3.0,0.0,0.0,0.0,40.0,0.0,0.0,Review long-tail stockout risk before promo,Need basket attachment evidence,Long-tail SKU with potential basket role
618694,0.0,COLOUR COSMETICS,1.0,1.0,0.0,0.0,0.0,70.0,0.0,0.0,Review long-tail stockout risk before promo,Need basket attachment evidence,Long-tail SKU with potential basket role
665877,0.0,SKINCARE,2.0,2.0,0.0,0.0,0.0,40.0,0.0,0.0,Review long-tail stockout risk before promo,Need basket attachment evidence,Long-tail SKU with potential basket role
67951,0.0,BEAUTY ELECTRICAL,1.0,1.0,0.0,0.0,0.0,70.0,0.0,0.0,Review long-tail stockout risk before promo,Need basket attachment evidence,Long-tail SKU with potential basket role
88080,0.0,SKINCARE,2.0,2.0,2.0,0.0,0.0,40.0,0.0,0.0,Review long-tail stockout risk before promo,Need basket attachment evidence,Long-tail SKU with potential basket role
89093,0.0,DIGESTIVE CARE,1.0,1.0,0.0,0.0,0.0,70.0,0.0,0.0,Review long-tail stockout risk before promo,Need basket attachment evidence,Long-tail SKU with potential basket role
90146,0.0,COLOUR COSMETICS,3.0,3.0,0.0,0.0,0.0,40.0,0.0,0.0,Review long-tail stockout risk before promo,Need basket attachment evidence,Long-tail SKU with potential basket role
90765,0.0,SKINCARE,3.0,3.0,0.0,0.0,0.0,60.0,0.0,0.0,Review long-tail stockout risk before promo,Need basket attachment evidence,Long-tail SKU with potential basket role
90766,0.0,SKINCARE,4.0,4.0,0.0,0.0,0.0,60.0,0.0,0.0,Review long-tail stockout risk before promo,Need basket attachment evidence,Long-tail SKU with potential basket role
93977,0.0,COLOUR COSMETICS,3.0,3.0,0.0,0.0,0.0,40.0,0.0,0.0,Review long-tail stockout risk before promo,Need basket attachment evidence,Long-tail SKU with potential basket role
94073,0.0,COLOUR COSMETICS,3.0,3.0,0.0,0.0,0.0,40.0,0.0,0.0,Review long-tail stockout risk before promo,Need basket attachment evidence,Long-tail SKU with potential basket role
94078,0.0,COLOUR COSMETICS,3.0,3.0,0.0,0.0,0.0,40.0,0.0,0.0,Review long-tail stockout risk before promo,Need basket attachment evidence,Long-tail SKU with potential basket role
10045,0.0,HAIRCARE,2.0,2.0,2.0,0.0,0.0,40.0,0.0,0.0,Review long-tail stockout risk before promo,Need basket attachment evidence,Long-tail SKU with potential basket role
11608,0.0,SKINCARE,2.0,2.0,2.0,0.0,0.0,40.0,0.0,0.0,Review long-tail stockout risk before promo,Need basket attachment evidence,Long-tail SKU with potential basket role
15220,0.0,SUNCARE,1.0,1.0,2.0,0.0,0.0,70.0,0.0,0.0,Protect long-tail basket SKU; verify 2-unit minimum SOH,Need basket attachment evidence,Long-tail SKU with potential basket role
192356,0.0,BEAUTY ELECTRICAL,1.0,1.0,2.0,0.0,0.0,70.0,0.0,0.0,Protect long-tail basket SKU; verify 2-unit minimum SOH,Need basket attachment evidence,Long-tail SKU with potential basket role
267575,0.0,FRAGRANCE,1.0,1.0,2.0,0.0,0.0,70.0,0.0,0.0,Protect long-tail basket SKU; verify 2-unit minimum SOH,Need basket attachment evidence,Long-tail SKU with potential basket role
28180,0.0,SKINCARE,1.0,1.0,0.0,0.0,0.0,70.0,0.0,0.0,Review long-tail stockout risk before promo,Need basket attachment evidence,Long-tail SKU with potential basket role
330442,0.0,HAIRCARE,1.0,1.0,2.0,0.0,0.0,70.0,0.0,0.0,Protect long-tail basket SKU; verify 2-unit minimum SOH,Need basket attachment evidence,Long-tail SKU with potential basket role
495778,0.0,HAIRCARE,2.0,2.0,2.0,0.0,0.0,40.0,0.0,0.0,Review long-tail stockout risk before promo,Need basket attachment evidence,Long-tail SKU with potential basket role
58978,0.0,SUNCARE,1.0,1.0,2.0,0.0,0.0,70.0,0.0,0.0,Protect long-tail basket SKU; verify 2-unit minimum SOH,Need basket attachment evidence,Long-tail SKU with potential basket role
680052,0.0,EYES EARS,6.0,6.0,0.0,0.0,0.0,40.0,0.0,0.0,Review long-tail stockout risk before promo,Need basket attachment evidence,Long-tail SKU with potential basket role
68268,0.0,TANNING,1.0,1.0,0.0,0.0,0.0,70.0,0.0,0.0,Review long-tail stockout risk before promo,Need basket attachment evidence,Long-tail SKU with potential basket role
88257,0.0,COLOUR COSMETICS,3.0,3.0,0.0,0.0,0.0,40.0,0.0,0.0,Review long-tail stockout risk before promo,Need basket attachment evidence,Long-tail SKU with potential basket role
887455,0.0,SKINCARE,3.0,3.0,0.0,0.0,0.0,40.0,0.0,0.0,Review long-tail stockout risk before promo,Need basket attachment evidence,Long-tail SKU with potential basket role
90294,0.0,COLOUR COSMETICS,2.0,2.0,0.0,0.0,0.0,40.0,0.0,0.0,Review long-tail stockout risk before promo,Need basket attachment evidence,Long-tail SKU with potential basket role
91025,0.0,COLOUR COSMETICS,3.0,3.0,0.0,0.0,0.0,40.0,0.0,0.0,Review long-tail stockout risk before promo,Need basket attachment evidence,Long-tail SKU with potential basket role
16857,0.0,SUNCARE,9.0,9.0,0.0,0.0,0.0,40.0,0.0,0.0,Review long-tail stockout risk before promo,Need basket attachment evidence,Long-tail SKU with potential basket role
18253,0.0,TANNING,1.0,1.0,0.0,0.0,0.0,70.0,0.0,0.0,Review long-tail stockout risk before promo,Need basket attachment evidence,Long-tail SKU with potential basket role
184704,0.0,SKINCARE,3.0,3.0,0.0,0.0,0.0,60.0,0.0,0.0,Review long-tail stockout risk before promo,Need basket attachment evidence,Long-tail SKU with potential basket role
188698,0.0,SKINCARE,63.0,63.0,0.0,0.0,0.0,60.0,0.0,0.0,Review long-tail stockout risk before promo,Need basket attachment evidence,Long-tail SKU with potential basket role
188700,0.0,SKINCARE,39.0,39.0,0.0,0.0,0.0,60.0,0.0,0.0,Review long-tail stockout risk before promo,Need basket attachment evidence,Long-tail SKU with potential basket role
188704,0.0,SKINCARE,6.0,6.0,0.0,0.0,0.0,60.0,0.0,0.0,Review long-tail stockout risk before promo,Need basket attachment evidence,Long-tail SKU with potential basket role
188705,0.0,SKINCARE,54.0,54.0,0.0,0.0,0.0,60.0,0.0,-0.0,Review long-tail stockout risk before promo,Need basket attachment evidence,Long-tail SKU with potential basket role
188706,0.0,SKINCARE,57.0,57.0,0.0,0.0,0.0,60.0,0.0,0.0,Review long-tail stockout risk before promo,Need basket attachment evidence,Long-tail SKU with potential basket role
188707,0.0,SKINCARE,48.0,48.0,0.0,0.0,0.0,60.0,0.0,0.0,Review long-tail stockout risk before promo,Need basket attachment evidence,Long-tail SKU with potential basket role
188708,0.0,SKINCARE,3.0,3.0,0.0,0.0,0.0,60.0,0.0,0.0,Review long-tail stockout risk before promo,Need basket attachment evidence,Long-tail SKU with potential basket role
188709,0.0,SKINCARE,6.0,6.0,0.0,0.0,0.0,60.0,0.0,0.0,Review long-tail stockout risk before promo,Need basket attachment evidence,Long-tail SKU with potential basket role
188711,0.0,SKINCARE,6.0,6.0,0.0,0.0,0.0,60.0,0.0,0.0,Review long-tail stockout risk before promo,Need basket attachment evidence,Long-tail SKU with potential basket role
188712,0.0,SKINCARE,6.0,6.0,0.0,0.0,0.0,60.0,0.0,0.0,Review long-tail stockout risk before promo,Need basket attachment evidence,Long-tail SKU with potential basket role
188713,0.0,SKINCARE,6.0,6.0,0.0,0.0,0.0,60.0,0.0,0.0,Review long-tail stockout risk before promo,Need basket attachment evidence,Long-tail SKU with potential basket role
188719,0.0,SKINCARE,3.0,3.0,0.0,0.0,0.0,60.0,0.0,0.0,Review long-tail stockout risk before promo,Need basket attachment evidence,Long-tail SKU with potential basket role
188721,0.0,SKINCARE,6.0,6.0,0.0,0.0,0.0,60.0,0.0,0.0,Review long-tail stockout risk before promo,Need basket attachment evidence,Long-tail SKU with potential basket role
188736,0.0,SKINCARE,38.0,38.0,0.0,0.0,0.0,60.0,0.0,0.0,Review long-tail stockout risk before promo,Need basket attachment evidence,Long-tail SKU with potential basket role
188991,0.0,SKINCARE,6.0,6.0,0.0,0.0,0.0,40.0,0.0,0.0,Review long-tail stockout risk before promo,Need basket attachment evidence,Long-tail SKU with potential basket role
191879,0.0,SKINCARE,3.0,3.0,0.0,0.0,0.0,60.0,0.0,0.0,Review long-tail stockout risk before promo,Need basket attachment evidence,Long-tail SKU with potential basket role
192009,0.0,SKINCARE,1.0,1.0,0.0,0.0,0.0,70.0,0.0,0.0,Review long-tail stockout risk before promo,Need basket attachment evidence,Long-tail SKU with potential basket role
192032,0.0,SKINCARE,15.0,15.0,0.0,0.0,0.0,60.0,0.0,0.0,Review long-tail stockout risk before promo,Need basket attachment evidence,Long-tail SKU with potential basket role
192047,0.0,SKINCARE,45.0,45.0,0.0,0.0,0.0,60.0,0.0,-0.0,Review long-tail stockout risk before promo,Need basket attachment evidence,Long-tail SKU with potential basket role
192049,0.0,SKINCARE,3.0,3.0,0.0,0.0,0.0,40.0,0.0,0.0,Review long-tail stockout risk before promo,Need basket attachment evidence,Long-tail SKU with potential basket role
192050,0.0,SKINCARE,3.0,3.0,0.0,0.0,0.0,60.0,0.0,0.0,Review long-tail stockout risk before promo,Need basket attachment evidence,Long-tail SKU with potential basket role
192083,0.0,SKINCARE,6.0,6.0,0.0,0.0,0.0,60.0,0.0,0.0,Review long-tail stockout risk before promo,Need basket attachment evidence,Long-tail SKU with potential basket role
192124,0.0,SKINCARE,1.0,1.0,0.0,0.0,0.0,90.0,0.0,0.0,Review long-tail stockout risk before promo,Need basket attachment evidence,Long-tail SKU with potential basket role
192198,0.0,SKINCARE,30.0,30.0,0.0,0.0,0.0,60.0,0.0,0.0,Review long-tail stockout risk before promo,Need basket attachment evidence,Long-tail SKU with potential basket role
195048,0.0,SKINCARE,3.0,3.0,0.0,0.0,0.0,60.0,0.0,0.0,Review long-tail stockout risk before promo,Need basket attachment evidence,Long-tail SKU with potential basket role
195091,0.0,SKINCARE,3.0,3.0,0.0,0.0,0.0,60.0,0.0,0.0,Review long-tail stockout risk before promo,Need basket attachment evidence,Long-tail SKU with potential basket role
195355,0.0,SKINCARE,1.0,1.0,0.0,0.0,0.0,70.0,0.0,0.0,Review long-tail stockout risk before promo,Need basket attachment evidence,Long-tail SKU with potential basket role
196833,0.0,SKINCARE,2.0,2.0,0.0,0.0,0.0,40.0,0.0,0.0,Review long-tail stockout risk before promo,Need basket attachment evidence,Long-tail SKU with potential basket role
199244,0.0,SKINCARE,3.0,3.0,0.0,0.0,0.0,60.0,0.0,0.0,Review long-tail stockout risk before promo,Need basket attachment evidence,Long-tail SKU with potential basket role
199845,0.0,SKINCARE,2.0,2.0,0.0,0.0,0.0,60.0,0.0,0.0,Review long-tail stockout risk before promo,Need basket attachment evidence,Long-tail SKU with potential basket role
199947,0.0,SKINCARE,1.0,1.0,0.0,0.0,0.0,90.0,0.0,0.0,Review long-tail stockout risk before promo,Need basket attachment evidence,Long-tail SKU with potential basket role
24358,0.0,SKINCARE,6.0,6.0,0.0,0.0,0.0,40.0,0.0,0.0,Review long-tail stockout risk before promo,Need basket attachment evidence,Long-tail SKU with potential basket role
27160,0.0,SKINCARE,1.0,1.0,0.0,0.0,0.0,90.0,0.0,0.0,Review long-tail stockout risk before promo,Need basket attachment evidence,Long-tail SKU with potential basket role
379077,0.0,HAIR REMOVAL,1.0,1.0,0.0,0.0,0.0,70.0,0.0,0.0,Review long-tail stockout risk before promo,Need basket attachment evidence,Long-tail SKU with potential basket role
385409,0.0,SKINCARE,1.0,1.0,0.0,0.0,0.0,70.0,0.0,0.0,Review long-tail stockout risk before promo,Need basket attachment evidence,Long-tail SKU with potential basket role
49418,0.0,TANNING,1.0,1.0,0.0,0.0,0.0,70.0,0.0,0.0,Review long-tail stockout risk before promo,Need basket attachment evidence,Long-tail SKU with potential basket role
60001,0.0,SKINCARE,4.0,4.0,0.0,0.0,0.0,60.0,0.0,0.0,Review long-tail stockout risk before promo,Need basket attachment evidence,Long-tail SKU with potential basket role
63361,0.0,SKINCARE,3.0,3.0,0.0,0.0,0.0,60.0,0.0,0.0,Review long-tail stockout risk before promo,Need basket attachment evidence,Long-tail SKU with potential basket role
655159,0.0,SKINCARE,6.0,6.0,0.0,0.0,0.0,60.0,0.0,0.0,Review long-tail stockout risk before promo,Need basket attachment evidence,Long-tail SKU with potential basket role
69756,0.0,SKINCARE,9.0,9.0,0.0,0.0,0.0,60.0,0.0,0.0,Review long-tail stockout risk before promo,Need basket attachment evidence,Long-tail SKU with potential basket role
87417,0.0,SKINCARE,3.0,3.0,0.0,0.0,0.0,60.0,0.0,0.0,Review long-tail stockout risk before promo,Need basket attachment evidence,Long-tail SKU with potential basket role
87753,0.0,SKINCARE,6.0,6.0,0.0,0.0,0.0,60.0,0.0,0.0,Review long-tail stockout risk before promo,Need basket attachment evidence,Long-tail SKU with potential basket role
87755,0.0,SKINCARE,8.0,8.0,0.0,0.0,0.0,60.0,0.0,0.0,Review long-tail stockout risk before promo,Need basket attachment evidence,Long-tail SKU with potential basket role
87757,0.0,SKINCARE,2.0,2.0,0.0,0.0,0.0,40.0,0.0,0.0,Review long-tail stockout risk before promo,Need basket attachment evidence,Long-tail SKU with potential basket role
87763,0.0,SKINCARE,2.0,2.0,0.0,0.0,0.0,40.0,0.0,0.0,Review long-tail stockout risk before promo,Need basket attachment evidence,Long-tail SKU with potential basket role
87766,0.0,SKINCARE,2.0,2.0,0.0,0.0,0.0,60.0,0.0,0.0,Review long-tail stockout risk before promo,Need basket attachment evidence,Long-tail SKU with potential basket role
88516,0.0,SKINCARE,1.0,1.0,0.0,0.0,0.0,70.0,0.0,0.0,Review long-tail stockout risk before promo,Need basket attachment evidence,Long-tail SKU with potential basket role
88521,0.0,SKINCARE,1.0,1.0,0.0,0.0,0.0,70.0,0.0,0.0,Review long-tail stockout risk before promo,Need basket attachment evidence,Long-tail SKU with potential basket role
90346,0.0,SKINCARE,1.0,1.0,0.0,0.0,0.0,70.0,0.0,0.0,Review long-tail stockout risk before promo,Need basket attachment evidence,Long-tail SKU with potential basket role
90766,0.0,SKINCARE,1.0,1.0,0.0,0.0,0.0,90.0,0.0,0.0,Review long-tail stockout risk before promo,Need basket attachment evidence,Long-tail SKU with potential basket role
90771,0.0,SKINCARE,2.0,2.0,0.0,0.0,0.0,40.0,0.0,0.0,Review long-tail stockout risk before promo,Need basket attachment evidence,Long-tail SKU with potential basket role
90775,0.0,SKINCARE,2.0,2.0,0.0,0.0,0.0,40.0,0.0,0.0,Review long-tail stockout risk before promo,Need basket attachment evidence,Long-tail SKU with potential basket role
90781,0.0,SKINCARE,1.0,1.0,0.0,0.0,0.0,70.0,0.0,0.0,Review long-tail stockout risk before promo,Need basket attachment evidence,Long-tail SKU with potential basket role
90840,0.0,SKINCARE,3.0,3.0,0.0,0.0,0.0,60.0,0.0,0.0,Review long-tail stockout risk before promo,Need basket attachment evidence,Long-tail SKU with potential basket role
90914,0.0,SKINCARE,6.0,6.0,0.0,0.0,0.0,60.0,0.0,0.0,Review long-tail stockout risk before promo,Need basket attachment evidence,Long-tail SKU with potential basket role
90922,0.0,SKINCARE,2.0,2.0,2.0,0.0,0.0,40.0,0.0,0.0,Review long-tail stockout risk before promo,Need basket attachment evidence,Long-tail SKU with potential basket role
92846,0.0,SKINCARE,6.0,6.0,0.0,0.0,0.0,60.0,0.0,0.0,Review long-tail stockout risk before promo,Need basket attachment evidence,Long-tail SKU with potential basket role
92847,0.0,SKINCARE,9.0,9.0,0.0,0.0,0.0,60.0,0.0,0.0,Review long-tail stockout risk before promo,Need basket attachment evidence,Long-tail SKU with potential basket role
92848,0.0,SKINCARE,6.0,6.0,0.0,0.0,0.0,60.0,0.0,0.0,Review long-tail stockout risk before promo,Need basket attachment evidence,Long-tail SKU with potential basket role
92853,0.0,SKINCARE,3.0,3.0,0.0,0.0,0.0,60.0,0.0,0.0,Review long-tail stockout risk before promo,Need basket attachment evidence,Long-tail SKU with potential basket role
93336,0.0,SUNCARE,12.0,12.0,0.0,0.0,0.0,60.0,0.0,0.0,Review long-tail stockout risk before promo,Need basket attachment evidence,Long-tail SKU with potential basket role
94234,0.0,SKINCARE,6.0,6.0,0.0,0.0,0.0,40.0,0.0,0.0,Review long-tail stockout risk before promo,Need basket attachment evidence,Long-tail SKU with potential basket role
94287,0.0,SKINCARE,2.0,2.0,0.0,0.0,0.0,60.0,0.0,0.0,Review long-tail stockout risk before promo,Need basket attachment evidence,Long-tail SKU with potential basket role
94479,0.0,SKINCARE,4.0,4.0,0.0,0.0,0.0,60.0,0.0,0.0,Review long-tail stockout risk before promo,Need basket attachment evidence,Long-tail SKU with potential basket role
94510,0.0,SKINCARE,2.0,2.0,0.0,0.0,0.0,60.0,0.0,0.0,Review long-tail stockout risk before promo,Need basket attachment evidence,Long-tail SKU with potential basket role
948845,0.0,SKINCARE,9.0,9.0,0.0,0.0,0.0,57.2,0.0,0.0,Review long-tail stockout risk before promo,Need basket attachment evidence,Long-tail SKU with potential basket role
95632,0.0,COLOUR COSMETICS,4.0,4.0,0.0,0.0,0.0,60.0,0.0,0.0,Review long-tail stockout risk before promo,Need basket attachment evidence,Long-tail SKU with potential basket role
185182,0.0,HAIRCARE,1.0,1.0,0.0,0.0,0.0,70.0,0.0,0.0,Review long-tail stockout risk before promo,Need basket attachment evidence,Long-tail SKU with potential basket role
187119,0.0,HAIRCARE,2.0,2.0,0.0,0.0,0.0,40.0,0.0,0.0,Review long-tail stockout risk before promo,Need basket attachment evidence,Long-tail SKU with potential basket role
188954,0.0,SKINCARE,3.0,3.0,0.0,0.0,0.0,40.0,0.0,0.0,Review long-tail stockout risk before promo,Need basket attachment evidence,Long-tail SKU with potential basket role
190032,0.0,FOOTCARE,1.0,1.0,0.0,0.0,0.0,70.0,0.0,0.0,Review long-tail stockout risk before promo,Need basket attachment evidence,Long-tail SKU with potential basket role
190137,0.0,HAIRCARE,1.0,1.0,0.0,0.0,0.0,70.0,0.0,0.0,Review long-tail stockout risk before promo,Need basket attachment evidence,Long-tail SKU with potential basket role
190138,0.0,HAIRCARE,1.0,1.0,0.0,0.0,0.0,70.0,0.0,0.0,Review long-tail stockout risk before promo,Need basket attachment evidence,Long-tail SKU with potential basket role
190139,0.0,HAIRCARE,2.0,2.0,0.0,0.0,0.0,40.0,0.0,0.0,Review long-tail stockout risk before promo,Need basket attachment evidence,Long-tail SKU with potential basket role
193426,0.0,TANNING,1.0,1.0,0.0,0.0,0.0,70.0,0.0,0.0,Review long-tail stockout risk before promo,Need basket attachment evidence,Long-tail SKU with potential basket role
193427,0.0,TANNING,1.0,1.0,0.0,0.0,0.0,70.0,0.0,0.0,Review long-tail stockout risk before promo,Need basket attachment evidence,Long-tail SKU with potential basket role
195096,0.0,SKINCARE,1.0,1.0,0.0,0.0,0.0,70.0,0.0,0.0,Review long-tail stockout risk before promo,Need basket attachment evidence,Long-tail SKU with potential basket role
195978,0.0,HAIRCARE,2.0,2.0,0.0,0.0,0.0,60.0,0.0,0.0,Review long-tail stockout risk before promo,Need basket attachment evidence,Long-tail SKU with potential basket role
196487,0.0,HAIRCARE,3.0,3.0,0.0,0.0,0.0,60.0,0.0,0.0,Review long-tail stockout risk before promo,Need basket attachment evidence,Long-tail SKU with potential basket role
199069,0.0,COLOUR COSMETICS,3.0,3.0,0.0,0.0,0.0,60.0,0.0,0.0,Review long-tail stockout risk before promo,Need basket attachment evidence,Long-tail SKU with potential basket role
199849,0.0,SKINCARE,3.0,3.0,0.0,0.0,0.0,60.0,0.0,0.0,Review long-tail stockout risk before promo,Need basket attachment evidence,Long-tail SKU with potential basket role
22225,0.0,COLOUR COSMETICS,3.0,3.0,0.0,0.0,0.0,40.0,0.0,0.0,Review long-tail stockout risk before promo,Need basket attachment evidence,Long-tail SKU with potential basket role
32915,0.0,NUTRITION WELLBEIN,1.0,1.0,0.0,0.0,0.0,70.0,0.0,0.0,Review long-tail stockout risk before promo,Need basket attachment evidence,Long-tail SKU with potential basket role
399795,0.0,DIGESTIVE CARE,1.0,1.0,0.0,0.0,0.0,70.0,0.0,0.0,Review long-tail stockout risk before promo,Need basket attachment evidence,Long-tail SKU with potential basket role
43837,0.0,HAIRCARE,2.0,2.0,2.0,0.0,0.0,60.0,0.0,-0.0,Review long-tail stockout risk before promo,Need basket attachment evidence,Long-tail SKU with potential basket role
4995,0.0,HAIRCARE,1.0,1.0,2.0,0.0,0.0,70.0,0.0,0.0,Protect long-tail basket SKU; verify 2-unit minimum SOH,Need basket attachment evidence,Long-tail SKU with potential basket role
52243,0.0,TANNING,1.0,1.0,0.0,0.0,0.0,70.0,0.0,0.0,Review long-tail stockout risk before promo,Need basket attachment evidence,Long-tail SKU with potential basket role
58227,0.0,HAIRCARE,1.0,1.0,0.0,0.0,0.0,70.0,0.0,0.0,Review long-tail stockout risk before promo,Need basket attachment evidence,Long-tail SKU with potential basket role
58978,0.0,SUNCARE,1.0,1.0,0.0,0.0,0.0,70.0,0.0,0.0,Review long-tail stockout risk before promo,Need basket attachment evidence,Long-tail SKU with potential basket role
63806,0.0,HAIRCARE,2.0,2.0,0.0,0.0,0.0,40.0,0.0,0.0,Review long-tail stockout risk before promo,Need basket attachment evidence,Long-tail SKU with potential basket role
66556,0.0,COUGH COLD,1.0,1.0,0.0,0.0,0.0,70.0,0.0,0.0,Review long-tail stockout risk before promo,Need basket attachment evidence,Long-tail SKU with potential basket role
67377,0.0,TANNING,1.0,1.0,0.0,0.0,0.0,70.0,0.0,0.0,Review long-tail stockout risk before promo,Need basket attachment evidence,Long-tail SKU with potential basket role
67891,0.0,SUNCARE,2.0,2.0,0.0,0.0,0.0,40.0,0.0,0.0,Review long-tail stockout risk before promo,Need basket attachment evidence,Long-tail SKU with potential basket role
69322,0.0,COLOUR COSMETICS,2.0,2.0,0.0,0.0,0.0,40.0,0.0,0.0,Review long-tail stockout risk before promo,Need basket attachment evidence,Long-tail SKU with potential basket role
90142,0.0,COLOUR COSMETICS,3.0,3.0,0.0,0.0,0.0,40.0,0.0,0.0,Review long-tail stockout risk before promo,Need basket attachment evidence,Long-tail SKU with potential basket role
90346,0.0,SKINCARE,1.0,1.0,0.0,0.0,0.0,70.0,0.0,0.0,Review long-tail stockout risk before promo,Need basket attachment evidence,Long-tail SKU with potential basket role
90348,0.0,SKINCARE,1.0,1.0,0.0,0.0,0.0,70.0,0.0,0.0,Review long-tail stockout risk before promo,Need basket attachment evidence,Long-tail SKU with potential basket role
91538,0.0,HAIRCARE,1.0,1.0,0.0,0.0,0.0,70.0,0.0,0.0,Review long-tail stockout risk before promo,Need basket attachment evidence,Long-tail SKU with potential basket role
92252,0.0,HAIRCARE,3.0,3.0,0.0,0.0,0.0,40.0,0.0,0.0,Review long-tail stockout risk before promo,Need basket attachment evidence,Long-tail SKU with potential basket role
93336,0.0,SUNCARE,6.0,6.0,0.0,0.0,0.0,40.0,0.0,0.0,Review long-tail stockout risk before promo,Need basket attachment evidence,Long-tail SKU with potential basket role
93902,0.0,HAIR ACC BRUSHES,1.0,1.0,0.0,0.0,0.0,90.0,0.0,0.0,Review long-tail stockout risk before promo,Need basket attachment evidence,Long-tail SKU with potential basket role
94054,0.0,COLOUR COSMETICS,3.0,3.0,0.0,0.0,0.0,40.0,0.0,0.0,Review long-tail stockout risk before promo,Need basket attachment evidence,Long-tail SKU with potential basket role
94062,0.0,COLOUR COSMETICS,3.0,3.0,0.0,0.0,0.0,40.0,0.0,0.0,Review long-tail stockout risk before promo,Need basket attachment evidence,Long-tail SKU with potential basket role
966444,0.0,HAIRCARE,2.0,2.0,0.0,0.0,0.0,40.0,0.0,0.0,Review long-tail stockout risk before promo,Need basket attachment evidence,Long-tail SKU with potential basket role
10195,0.0,VITAMIN SUPPLEMENT,1.0,1.0,0.0,0.0,0.0,70.0,0.0,0.0,Review long-tail stockout risk before promo,Need basket attachment evidence,Long-tail SKU with potential basket role
185154,0.0,ORAL HEALTH,1.0,1.0,0.0,0.0,0.0,70.0,0.0,0.0,Review long-tail stockout risk before promo,Need basket attachment evidence,Long-tail SKU with potential basket role
190032,0.0,FOOTCARE,1.0,1.0,0.0,0.0,0.0,70.0,0.0,0.0,Review long-tail stockout risk before promo,Need basket attachment evidence,Long-tail SKU with potential basket role
190744,0.0,HAIR REMOVAL,1.0,1.0,0.0,0.0,0.0,70.0,0.0,0.0,Review long-tail stockout risk before promo,Need basket attachment evidence,Long-tail SKU with potential basket role
192805,0.0,ORAL HEALTH,1.0,1.0,0.0,0.0,0.0,70.0,0.0,0.0,Review long-tail stockout risk before promo,Need basket attachment evidence,Long-tail SKU with potential basket role
192806,0.0,ORAL HEALTH,1.0,1.0,2.0,0.0,0.0,70.0,0.0,0.0,Protect long-tail basket SKU; verify 2-unit minimum SOH,Need basket attachment evidence,Long-tail SKU with potential basket role
192807,0.0,ORAL HEALTH,1.0,1.0,2.0,0.0,0.0,70.0,0.0,0.0,Protect long-tail basket SKU; verify 2-unit minimum SOH,Need basket attachment evidence,Long-tail SKU with potential basket role
267575,0.0,FRAGRANCE,1.0,1.0,0.0,0.0,0.0,70.0,0.0,0.0,Review long-tail stockout risk before promo,Need basket attachment evidence,Long-tail SKU with potential basket role
280448,0.0,BEAUTY ACCESSORIES,1.0,1.0,2.0,0.0,0.0,70.0,0.0,0.0,Protect long-tail basket SKU; verify 2-unit minimum SOH,Need basket attachment evidence,Long-tail SKU with potential basket role
39410,0.0,COLOUR COSMETICS,2.0,2.0,2.0,0.0,0.0,40.0,0.0,0.0,Review long-tail stockout risk before promo,Need basket attachment evidence,Long-tail SKU with potential basket role
42296,0.0,BATH TOILETRIES,2.0,2.0,2.0,0.0,0.0,40.0,0.0,0.0,Review long-tail stockout risk before promo,Need basket attachment evidence,Long-tail SKU with potential basket role
58507,0.0,FAMILY PLANNING,1.0,1.0,0.0,0.0,0.0,70.0,0.0,0.0,Review long-tail stockout risk before promo,Need basket attachment evidence,Long-tail SKU with potential basket role
60996,0.0,FRAGRANCE,1.0,1.0,0.0,0.0,0.0,70.0,0.0,0.0,Review long-tail stockout risk before promo,Need basket attachment evidence,Long-tail SKU with potential basket role
65610,0.0,SKINCARE,2.0,2.0,0.0,0.0,0.0,40.0,0.0,0.0,Review long-tail stockout risk before promo,Need basket attachment evidence,Long-tail SKU with potential basket role
68268,0.0,TANNING,2.0,2.0,0.0,0.0,0.0,40.0,0.0,0.0,Review long-tail stockout risk before promo,Need basket attachment evidence,Long-tail SKU with potential basket role
86500,0.0,COLOUR COSMETICS,2.0,2.0,0.0,0.0,0.0,40.0,0.0,0.0,Review long-tail stockout risk before promo,Need basket attachment evidence,Long-tail SKU with potential basket role
89753,0.0,TANNING,1.0,1.0,0.0,0.0,0.0,70.0,0.0,0.0,Review long-tail stockout risk before promo,Need basket attachment evidence,Long-tail SKU with potential basket role
90293,0.0,COLOUR COSMETICS,2.0,2.0,0.0,0.0,0.0,40.0,0.0,0.0,Review long-tail stockout risk before promo,Need basket attachment evidence,Long-tail SKU with potential basket role
92642,0.0,SUNCARE,2.0,2.0,0.0,0.0,0.0,40.0,0.0,0.0,Review long-tail stockout risk before promo,Need basket attachment evidence,Long-tail SKU with potential basket role
93414,0.0,FRAGRANCE,1.0,1.0,0.0,0.0,0.0,70.0,0.0,0.0,Review long-tail stockout risk before promo,Need basket attachment evidence,Long-tail SKU with potential basket role
93991,0.0,COLOUR COSMETICS,3.0,3.0,0.0,0.0,0.0,40.0,0.0,0.0,Review long-tail stockout risk before promo,Need basket attachment evidence,Long-tail SKU with potential basket role
95116,0.0,VITAMIN SUPPLEMENT,1.0,1.0,0.0,0.0,0.0,70.0,0.0,0.0,Review long-tail stockout risk before promo,Need basket attachment evidence,Long-tail SKU with potential basket role
95377,0.0,DEODORANTS,1.0,1.0,0.0,0.0,0.0,70.0,0.0,0.0,Review long-tail stockout risk before promo,Need basket attachment evidence,Long-tail SKU with potential basket role
95379,0.0,DEODORANTS,1.0,1.0,0.0,0.0,0.0,70.0,0.0,0.0,Review long-tail stockout risk before promo,Need basket attachment evidence,Long-tail SKU with potential basket role
16014,0.0,VITAMIN SUPPLEMENT,1.0,1.0,0.0,0.0,0.0,70.0,0.0,0.0,Review long-tail stockout risk before promo,Need basket attachment evidence,Long-tail SKU with potential basket role
185567,0.0,DIGESTIVE CARE,1.0,1.0,2.0,0.0,0.0,70.0,0.0,0.0,Protect long-tail basket SKU; verify 2-unit minimum SOH,Need basket attachment evidence,Long-tail SKU with potential basket role
186091,0.0,SKINCARE,1.0,1.0,0.0,0.0,0.0,70.0,0.0,0.0,Review long-tail stockout risk before promo,Need basket attachment evidence,Long-tail SKU with potential basket role
187157,0.0,VITAMIN SUPPLEMENT,1.0,1.0,0.0,0.0,0.0,70.0,0.0,0.0,Review long-tail stockout risk before promo,Need basket attachment evidence,Long-tail SKU with potential basket role
188990,0.0,SKINCARE,1.0,1.0,2.0,0.0,0.0,70.0,0.0,0.0,Protect long-tail basket SKU; verify 2-unit minimum SOH,Need basket attachment evidence,Long-tail SKU with potential basket role
192196,0.0,SKINCARE,1.0,1.0,0.0,0.0,0.0,70.0,0.0,0.0,Review long-tail stockout risk before promo,Need basket attachment evidence,Long-tail SKU with potential basket role
192764,0.0,DIGESTIVE CARE,1.0,1.0,0.0,0.0,0.0,70.0,0.0,0.0,Review long-tail stockout risk before promo,Need basket attachment evidence,Long-tail SKU with potential basket role
192805,0.0,ORAL HEALTH,1.0,1.0,2.0,0.0,0.0,70.0,0.0,0.0,Protect long-tail basket SKU; verify 2-unit minimum SOH,Need basket attachment evidence,Long-tail SKU with potential basket role
193612,0.0,BATH TOILETRIES,1.0,1.0,0.0,0.0,0.0,70.0,0.0,0.0,Review long-tail stockout risk before promo,Need basket attachment evidence,Long-tail SKU with potential basket role
195641,0.0,ORAL HEALTH,1.0,1.0,2.0,0.0,0.0,70.0,0.0,0.0,Protect long-tail basket SKU; verify 2-unit minimum SOH,Need basket attachment evidence,Long-tail SKU with potential basket role
196016,0.0,HAIRCARE,1.0,1.0,0.0,0.0,0.0,70.0,0.0,0.0,Review long-tail stockout risk before promo,Need basket attachment evidence,Long-tail SKU with potential basket role
196489,0.0,HAIRCARE,1.0,1.0,2.0,0.0,0.0,70.0,0.0,0.0,Protect long-tail basket SKU; verify 2-unit minimum SOH,Need basket attachment evidence,Long-tail SKU with potential basket role
196550,0.0,SKINCARE,1.0,1.0,0.0,0.0,0.0,70.0,0.0,0.0,Review long-tail stockout risk before promo,Need basket attachment evidence,Long-tail SKU with potential basket role
259101,0.0,SKINCARE,4.0,4.0,0.0,0.0,0.0,60.0,0.0,0.0,Review long-tail stockout risk before promo,Need basket attachment evidence,Long-tail SKU with potential basket role
287105,0.0,VITAMIN SUPPLEMENT,1.0,1.0,0.0,0.0,0.0,70.0,0.0,0.0,Review long-tail stockout risk before promo,Need basket attachment evidence,Long-tail SKU with potential basket role
293245,0.0,VITAMIN SUPPLEMENT,1.0,1.0,0.0,0.0,0.0,70.0,0.0,0.0,Review long-tail stockout risk before promo,Need basket attachment evidence,Long-tail SKU with potential basket role
335444,0.0,VITAMIN SUPPLEMENT,1.0,1.0,0.0,0.0,0.0,70.0,0.0,0.0,Review long-tail stockout risk before promo,Need basket attachment evidence,Long-tail SKU with potential basket role
399795,0.0,DIGESTIVE CARE,1.0,1.0,2.0,0.0,0.0,70.0,0.0,0.0,Protect long-tail basket SKU; verify 2-unit minimum SOH,Need basket attachment evidence,Long-tail SKU with potential basket role
44971,0.0,BATH TOILETRIES,1.0,1.0,2.0,0.0,0.0,70.0,0.0,0.0,Protect long-tail basket SKU; verify 2-unit minimum SOH,Need basket attachment evidence,Long-tail SKU with potential basket role
455504,0.0,COUGH COLD,2.0,2.0,0.0,0.0,0.0,40.0,0.0,0.0,Review long-tail stockout risk before promo,Need basket attachment evidence,Long-tail SKU with potential basket role
4780,0.0,FRAGRANCE,1.0,1.0,0.0,0.0,0.0,70.0,0.0,0.0,Review long-tail stockout risk before promo,Need basket attachment evidence,Long-tail SKU with potential basket role
483788,0.0,SKINCARE,1.0,1.0,0.0,0.0,0.0,70.0,0.0,0.0,Review long-tail stockout risk before promo,Need basket attachment evidence,Long-tail SKU with potential basket role
52720,0.0,FRAGRANCE,1.0,1.0,0.0,0.0,0.0,70.0,0.0,0.0,Review long-tail stockout risk before promo,Need basket attachment evidence,Long-tail SKU with potential basket role
65560,0.0,SKINCARE,4.0,4.0,0.0,0.0,0.0,40.0,0.0,0.0,Review long-tail stockout risk before promo,Need basket attachment evidence,Long-tail SKU with potential basket role
65835,0.0,SKINCARE,4.0,4.0,0.0,0.0,0.0,40.0,0.0,0.0,Review long-tail stockout risk before promo,Need basket attachment evidence,Long-tail SKU with potential basket role
69751,0.0,SKINCARE,1.0,1.0,2.0,0.0,0.0,70.0,0.0,0.0,Protect long-tail basket SKU; verify 2-unit minimum SOH,Need basket attachment evidence,Long-tail SKU with potential basket role
75193,0.0,HAIRCARE,1.0,1.0,0.0,0.0,0.0,70.0,0.0,0.0,Review long-tail stockout risk before promo,Need basket attachment evidence,Long-tail SKU with potential basket role
89665,0.0,ANALGESICS,1.0,1.0,2.0,0.0,0.0,70.0,0.0,0.0,Protect long-tail basket SKU; verify 2-unit minimum SOH,Need basket attachment evidence,Long-tail SKU with potential basket role
92223,0.0,DEODORANTS,2.0,2.0,2.0,0.0,0.0,40.0,0.0,0.0,Review long-tail stockout risk before promo,Need basket attachment evidence,Long-tail SKU with potential basket role
92334,0.0,SKINCARE,1.0,1.0,2.0,0.0,0.0,70.0,0.0,0.0,Protect long-tail basket SKU; verify 2-unit minimum SOH,Need basket attachment evidence,Long-tail SKU with potential basket role
92437,0.0,SUNCARE,1.0,1.0,2.0,0.0,0.0,70.0,0.0,0.0,Protect long-tail basket SKU; verify 2-unit minimum SOH,Need basket attachment evidence,Long-tail SKU with potential basket role
94039,0.0,SKINCARE,2.0,2.0,2.0,0.0,0.0,40.0,0.0,0.0,Review long-tail stockout risk before promo,Need basket attachment evidence,Long-tail SKU with potential basket role
95116,0.0,VITAMIN SUPPLEMENT,1.0,1.0,2.0,0.0,0.0,70.0,0.0,0.0,Protect long-tail basket SKU; verify 2-unit minimum SOH,Need basket attachment evidence,Long-tail SKU with potential basket role
95277,0.0,VITAMIN SUPPLEMENT,2.0,2.0,0.0,0.0,0.0,40.0,0.0,0.0,Review long-tail stockout risk before promo,Need basket attachment evidence,Long-tail SKU with potential basket role
95278,0.0,VITAMIN SUPPLEMENT,1.0,1.0,0.0,0.0,0.0,90.0,0.0,0.0,Review long-tail stockout risk before promo,Need basket attachment evidence,Long-tail SKU with potential basket role
95382,0.0,MENS GROOMING,1.0,1.0,0.0,0.0,0.0,70.0,0.0,0.0,Review long-tail stockout risk before promo,Need basket attachment evidence,Long-tail SKU with potential basket role
17096,0.0,SUNCARE,1.0,1.0,0.0,0.0,0.0,70.0,0.0,0.0,Review long-tail stockout risk before promo,Need basket attachment evidence,Long-tail SKU with potential basket role
17280,0.0,VITAMIN SUPPLEMENT,1.0,1.0,0.0,0.0,0.0,70.0,0.0,0.0,Review long-tail stockout risk before promo,Need basket attachment evidence,Long-tail SKU with potential basket role
185558,0.0,VITAMIN SUPPLEMENT,1.0,1.0,0.0,0.0,0.0,90.0,0.0,0.0,Review long-tail stockout risk before promo,Need basket attachment evidence,Long-tail SKU with potential basket role
187157,0.0,VITAMIN SUPPLEMENT,1.0,1.0,0.0,0.0,0.0,70.0,0.0,0.0,Review long-tail stockout risk before promo,Need basket attachment evidence,Long-tail SKU with potential basket role
189739,0.0,ORAL HEALTH,2.0,2.0,0.0,0.0,0.0,40.0,0.0,0.0,Review long-tail stockout risk before promo,Need basket attachment evidence,Long-tail SKU with potential basket role
193504,0.0,VITAMIN SUPPLEMENT,1.0,1.0,2.0,0.0,0.0,70.0,0.0,0.0,Protect long-tail basket SKU; verify 2-unit minimum SOH,Need basket attachment evidence,Long-tail SKU with potential basket role
195287,0.0,SKINCARE,2.0,2.0,2.0,0.0,0.0,40.0,0.0,0.0,Review long-tail stockout risk before promo,Need basket attachment evidence,Long-tail SKU with potential basket role
195592,0.0,ORAL HEALTH,2.0,2.0,0.0,0.0,0.0,40.0,0.0,0.0,Review long-tail stockout risk before promo,Need basket attachment evidence,Long-tail SKU with potential basket role
195792,0.0,ORAL HEALTH,1.0,1.0,0.0,0.0,0.0,70.0,0.0,0.0,Review long-tail stockout risk before promo,Need basket attachment evidence,Long-tail SKU with potential basket role
293245,0.0,VITAMIN SUPPLEMENT,1.0,1.0,2.0,0.0,0.0,70.0,0.0,0.0,Protect long-tail basket SKU; verify 2-unit minimum SOH,Need basket attachment evidence,Long-tail SKU with potential basket role
44225,0.0,DIGESTIVE CARE,2.0,2.0,2.0,0.0,0.0,40.0,0.0,0.0,Review long-tail stockout risk before promo,Need basket attachment evidence,Long-tail SKU with potential basket role
606650,0.0,VITAMIN SUPPLEMENT,2.0,2.0,2.0,0.0,0.0,40.0,0.0,0.0,Review long-tail stockout risk before promo,Need basket attachment evidence,Long-tail SKU with potential basket role
63821,0.0,PAPER COTTON,4.0,4.0,0.0,0.0,0.0,40.0,0.0,0.0,Review long-tail stockout risk before promo,Need basket attachment evidence,Long-tail SKU with potential basket role
63907,0.0,HAIR REMOVAL,1.0,1.0,2.0,0.0,0.0,70.0,-0.0,-0.0,Protect long-tail basket SKU; verify 2-unit minimum SOH,Need basket attachment evidence,Long-tail SKU with potential basket role
68445,0.0,SKINCARE,1.0,1.0,2.0,0.0,0.0,70.0,0.0,0.0,Protect long-tail basket SKU; verify 2-unit minimum SOH,Need basket attachment evidence,Long-tail SKU with potential basket role
72838,0.0,FRAGRANCE,1.0,1.0,0.0,0.0,0.0,70.0,0.0,0.0,Review long-tail stockout risk before promo,Need basket attachment evidence,Long-tail SKU with potential basket role
7682,0.0,SKINCARE,2.0,2.0,2.0,0.0,0.0,40.0,0.0,0.0,Review long-tail stockout risk before promo,Need basket attachment evidence,Long-tail SKU with potential basket role
88229,0.0,DEODORANTS,2.0,2.0,2.0,0.0,0.0,40.0,0.0,0.0,Review long-tail stockout risk before promo,Need basket attachment evidence,Long-tail SKU with potential basket role
90520,0.0,HAIRCARE,1.0,1.0,2.0,0.0,0.0,70.0,0.0,0.0,Protect long-tail basket SKU; verify 2-unit minimum SOH,Need basket attachment evidence,Long-tail SKU with potential basket role
91155,0.0,ORAL HEALTH,1.0,1.0,0.0,0.0,0.0,70.0,0.0,0.0,Review long-tail stockout risk before promo,Need basket attachment evidence,Long-tail SKU with potential basket role
917958,0.0,ANALGESICS,2.0,2.0,0.0,0.0,0.0,40.0,0.0,0.0,Review long-tail stockout risk before promo,Need basket attachment evidence,Long-tail SKU with potential basket role
92899,0.0,HAIRCARE,1.0,1.0,2.0,0.0,0.0,70.0,0.0,0.0,Protect long-tail basket SKU; verify 2-unit minimum SOH,Need basket attachment evidence,Long-tail SKU with potential basket role
94457,0.0,SKINCARE,1.0,1.0,2.0,0.0,0.0,70.0,0.0,0.0,Protect long-tail basket SKU; verify 2-unit minimum SOH,Need basket attachment evidence,Long-tail SKU with potential basket role
184839,0.0,SKINCARE,1.0,1.0,0.0,0.0,0.0,70.0,0.0,0.0,Review long-tail stockout risk before promo,Need basket attachment evidence,Long-tail SKU with potential basket role
198027,0.0,DEODORANTS,2.0,2.0,0.0,0.0,0.0,60.0,0.0,0.0,Review long-tail stockout risk before promo,Need basket attachment evidence,Long-tail SKU with potential basket role
198028,0.0,DEODORANTS,2.0,2.0,0.0,0.0,0.0,40.0,0.0,0.0,Review long-tail stockout risk before promo,Need basket attachment evidence,Long-tail SKU with potential basket role
55584,0.0,HAIRCARE,1.0,1.0,0.0,0.0,0.0,70.0,0.0,0.0,Review long-tail stockout risk before promo,Need basket attachment evidence,Long-tail SKU with potential basket role
59187,0.0,COLOUR COSMETICS,2.0,2.0,0.0,0.0,0.0,60.0,0.0,0.0,Review long-tail stockout risk before promo,Need basket attachment evidence,Long-tail SKU with potential basket role
73094,0.0,SKINCARE,1.0,1.0,0.0,0.0,0.0,70.0,0.0,0.0,Review long-tail stockout risk before promo,Need basket attachment evidence,Long-tail SKU with potential basket role
90934,0.0,SKINCARE,1.0,1.0,0.0,0.0,0.0,70.0,0.0,0.0,Review long-tail stockout risk before promo,Need basket attachment evidence,Long-tail SKU with potential basket role
93601,0.0,COLOUR COSMETICS,2.0,2.0,0.0,0.0,0.0,40.0,0.0,0.0,Review long-tail stockout risk before promo,Need basket attachment evidence,Long-tail SKU with potential basket role
192353,0.0,BEAUTY ELECTRICAL,1.0,1.0,0.0,0.0,0.0,70.0,0.0,0.0,Review long-tail stockout risk before promo,Need basket attachment evidence,Long-tail SKU with potential basket role
195682,0.0,VITAMIN SUPPLEMENT,1.0,1.0,0.0,0.0,0.0,70.0,0.0,0.0,Review long-tail stockout risk before promo,Need basket attachment evidence,Long-tail SKU with potential basket role
196494,0.0,HAIRCARE,1.0,1.0,0.0,0.0,0.0,70.0,0.0,0.0,Review long-tail stockout risk before promo,Need basket attachment evidence,Long-tail SKU with potential basket role
196833,0.0,SKINCARE,1.0,1.0,0.0,0.0,0.0,70.0,0.0,0.0,Review long-tail stockout risk before promo,Need basket attachment evidence,Long-tail SKU with potential basket role
20488,0.0,FRAGRANCE,1.0,1.0,0.0,0.0,0.0,70.0,0.0,0.0,Review long-tail stockout risk before promo,Need basket attachment evidence,Long-tail SKU with potential basket role
217034,0.0,SKINCARE,1.0,1.0,2.0,0.0,0.0,70.0,0.0,0.0,Protect long-tail basket SKU; verify 2-unit minimum SOH,Need basket attachment evidence,Long-tail SKU with potential basket role
3379,0.0,VITAMIN SUPPLEMENT,4.0,4.0,0.0,0.0,0.0,60.0,0.0,0.0,Review long-tail stockout risk before promo,Need basket attachment evidence,Long-tail SKU with potential basket role
37302,0.0,HAIR ACC BRUSHES,1.0,1.0,2.0,0.0,0.0,70.0,0.0,0.0,Protect long-tail basket SKU; verify 2-unit minimum SOH,Need basket attachment evidence,Long-tail SKU with potential basket role
44179,0.0,BEAUTY ACCESSORIES,1.0,1.0,2.0,0.0,0.0,70.0,0.0,0.0,Protect long-tail basket SKU; verify 2-unit minimum SOH,Need basket attachment evidence,Long-tail SKU with potential basket role
483788,0.0,SKINCARE,3.0,3.0,0.0,0.0,0.0,40.0,0.0,0.0,Review long-tail stockout risk before promo,Need basket attachment evidence,Long-tail SKU with potential basket role
526073,0.0,HAIR ACC BRUSHES,1.0,1.0,2.0,0.0,0.0,70.0,0.0,0.0,Protect long-tail basket SKU; verify 2-unit minimum SOH,Need basket attachment evidence,Long-tail SKU with potential basket role
59308,0.0,HAIR ACC BRUSHES,1.0,1.0,2.0,0.0,0.0,70.0,0.0,0.0,Protect long-tail basket SKU; verify 2-unit minimum SOH,Need basket attachment evidence,Long-tail SKU with potential basket role
64007,0.0,MENS GROOMING,1.0,1.0,2.0,0.0,0.0,70.0,0.0,0.0,Protect long-tail basket SKU; verify 2-unit minimum SOH,Need basket attachment evidence,Long-tail SKU with potential basket role
68214,0.0,HAIR ACC BRUSHES,1.0,1.0,2.0,0.0,0.0,70.0,0.0,0.0,Protect long-tail basket SKU; verify 2-unit minimum SOH,Need basket attachment evidence,Long-tail SKU with potential basket role
72446,0.0,VITAMIN SUPPLEMENT,1.0,1.0,0.0,0.0,0.0,70.0,0.0,0.0,Review long-tail stockout risk before promo,Need basket attachment evidence,Long-tail SKU with potential basket role
7315,0.0,HAIR ACC BRUSHES,1.0,1.0,0.0,0.0,0.0,70.0,0.0,0.0,Review long-tail stockout risk before promo,Need basket attachment evidence,Long-tail SKU with potential basket role
73217,0.0,SKINCARE,2.0,2.0,0.0,0.0,0.0,40.0,0.0,0.0,Review long-tail stockout risk before promo,Need basket attachment evidence,Long-tail SKU with potential basket role
795232,0.0,SKINCARE,1.0,1.0,0.0,0.0,0.0,70.0,0.0,0.0,Review long-tail stockout risk before promo,Need basket attachment evidence,Long-tail SKU with potential basket role
93740,0.0,SKINCARE,1.0,1.0,0.0,0.0,0.0,70.0,0.0,0.0,Review long-tail stockout risk before promo,Need basket attachment evidence,Long-tail SKU with potential basket role
94154,0.0,FRAGRANCE,1.0,1.0,0.0,0.0,0.0,70.0,0.0,0.0,Review long-tail stockout risk before promo,Need basket attachment evidence,Long-tail SKU with potential basket role
94657,0.0,SKINCARE,2.0,2.0,0.0,0.0,0.0,40.0,0.0,0.0,Review long-tail stockout risk before promo,Need basket attachment evidence,Long-tail SKU with potential basket role
16235,0.0,ANALGESICS,2.0,2.0,2.0,0.0,0.0,40.0,0.0,0.0,Review long-tail stockout risk before promo,Need basket attachment evidence,Long-tail SKU with potential basket role
16527,0.0,SKINCARE,1.0,1.0,0.0,0.0,0.0,90.0,0.0,0.0,Review long-tail stockout risk before promo,Need basket attachment evidence,Long-tail SKU with potential basket role
16529,0.0,SKINCARE,1.0,1.0,0.0,0.0,0.0,70.0,0.0,0.0,Review long-tail stockout risk before promo,Need basket attachment evidence,Long-tail SKU with potential basket role
184834,0.0,SKINCARE,1.0,1.0,2.0,0.0,0.0,70.0,0.0,0.0,Protect long-tail basket SKU; verify 2-unit minimum SOH,Need basket attachment evidence,Long-tail SKU with potential basket role
185198,0.0,SUNCARE,1.0,1.0,2.0,0.0,0.0,70.0,0.0,0.0,Protect long-tail basket SKU; verify 2-unit minimum SOH,Need basket attachment evidence,Long-tail SKU with potential basket role
188857,0.0,SKINCARE,6.0,6.0,0.0,0.0,0.0,60.0,0.0,0.0,Review long-tail stockout risk before promo,Need basket attachment evidence,Long-tail SKU with potential basket role
189005,0.0,SKINCARE,1.0,1.0,0.0,0.0,0.0,70.0,0.0,0.0,Review long-tail stockout risk before promo,Need basket attachment evidence,Long-tail SKU with potential basket role
189275,0.0,SKINCARE,1.0,1.0,0.0,0.0,0.0,70.0,0.0,0.0,Review long-tail stockout risk before promo,Need basket attachment evidence,Long-tail SKU with potential basket role
192198,0.0,SKINCARE,6.0,6.0,0.0,0.0,0.0,40.0,0.0,0.0,Review long-tail stockout risk before promo,Need basket attachment evidence,Long-tail SKU with potential basket role
192258,0.0,SKINCARE,2.0,2.0,2.0,0.0,0.0,40.0,0.0,0.0,Review long-tail stockout risk before promo,Need basket attachment evidence,Long-tail SKU with potential basket role
192764,0.0,DIGESTIVE CARE,1.0,1.0,0.0,0.0,0.0,70.0,0.0,0.0,Review long-tail stockout risk before promo,Need basket attachment evidence,Long-tail SKU with potential basket role
192844,0.0,TANNING,1.0,1.0,0.0,0.0,0.0,90.0,0.0,0.0,Review long-tail stockout risk before promo,Need basket attachment evidence,Long-tail SKU with potential basket role
193413,0.0,SKINCARE,2.0,2.0,2.0,0.0,0.0,40.0,0.0,0.0,Review long-tail stockout risk before promo,Need basket attachment evidence,Long-tail SKU with potential basket role
195134,0.0,SKINCARE,2.0,2.0,0.0,0.0,0.0,40.0,0.0,0.0,Review long-tail stockout risk before promo,Need basket attachment evidence,Long-tail SKU with potential basket role
196488,0.0,HAIRCARE,1.0,1.0,0.0,0.0,0.0,70.0,0.0,0.0,Review long-tail stockout risk before promo,Need basket attachment evidence,Long-tail SKU with potential basket role
196494,0.0,HAIRCARE,1.0,1.0,0.0,0.0,0.0,70.0,0.0,0.0,Review long-tail stockout risk before promo,Need basket attachment evidence,Long-tail SKU with potential basket role
196496,0.0,HAIRCARE,1.0,1.0,0.0,0.0,0.0,70.0,0.0,0.0,Review long-tail stockout risk before promo,Need basket attachment evidence,Long-tail SKU with potential basket role
198293,0.0,SKINCARE,2.0,2.0,0.0,0.0,0.0,40.0,0.0,0.0,Review long-tail stockout risk before promo,Need basket attachment evidence,Long-tail SKU with potential basket role
198462,0.0,SKINCARE,1.0,1.0,0.0,0.0,0.0,70.0,0.0,0.0,Review long-tail stockout risk before promo,Need basket attachment evidence,Long-tail SKU with potential basket role
198563,0.0,COUGH COLD,1.0,1.0,0.0,0.0,0.0,70.0,0.0,0.0,Review long-tail stockout risk before promo,Need basket attachment evidence,Long-tail SKU with potential basket role
199947,0.0,SKINCARE,1.0,1.0,0.0,0.0,0.0,70.0,0.0,0.0,Review long-tail stockout risk before promo,Need basket attachment evidence,Long-tail SKU with potential basket role
199948,0.0,SKINCARE,1.0,1.0,0.0,0.0,0.0,90.0,0.0,0.0,Review long-tail stockout risk before promo,Need basket attachment evidence,Long-tail SKU with potential basket role
212456,0.0,HAIRCARE,1.0,1.0,0.0,0.0,0.0,70.0,0.0,0.0,Review long-tail stockout risk before promo,Need basket attachment evidence,Long-tail SKU with potential basket role
259519,0.0,SKINCARE,1.0,1.0,0.0,0.0,0.0,70.0,0.0,0.0,Review long-tail stockout risk before promo,Need basket attachment evidence,Long-tail SKU with potential basket role
27160,0.0,SKINCARE,1.0,1.0,0.0,0.0,0.0,70.0,0.0,0.0,Review long-tail stockout risk before promo,Need basket attachment evidence,Long-tail SKU with potential basket role
274526,0.0,VITAMIN SUPPLEMENT,3.0,3.0,0.0,0.0,0.0,40.0,0.0,0.0,Review long-tail stockout risk before promo,Need basket attachment evidence,Long-tail SKU with potential basket role
276537,0.0,COUGH COLD,2.0,2.0,0.0,0.0,0.0,40.0,0.0,0.0,Review long-tail stockout risk before promo,Need basket attachment evidence,Long-tail SKU with potential basket role
316237,0.0,SKINCARE,3.0,3.0,0.0,0.0,0.0,60.0,0.0,0.0,Review long-tail stockout risk before promo,Need basket attachment evidence,Long-tail SKU with potential basket role
353957,0.0,FOOTCARE,1.0,1.0,0.0,0.0,0.0,70.0,0.0,0.0,Review long-tail stockout risk before promo,Need basket attachment evidence,Long-tail SKU with potential basket role
360376,0.0,SKINCARE,6.0,6.0,0.0,0.0,0.0,40.0,0.0,0.0,Review long-tail stockout risk before promo,Need basket attachment evidence,Long-tail SKU with potential basket role
360406,0.0,SKINCARE,1.0,1.0,0.0,0.0,0.0,70.0,0.0,0.0,Review long-tail stockout risk before promo,Need basket attachment evidence,Long-tail SKU with potential basket role
394289,0.0,BEAUTY ACCESSORIES,1.0,1.0,2.0,0.0,0.0,70.0,0.0,0.0,Protect long-tail basket SKU; verify 2-unit minimum SOH,Need basket attachment evidence,Long-tail SKU with potential basket role
42784,0.0,SKINCARE,3.0,3.0,0.0,0.0,0.0,60.0,0.0,0.0,Review long-tail stockout risk before promo,Need basket attachment evidence,Long-tail SKU with potential basket role
43994,0.0,COUGH COLD,2.0,2.0,2.0,0.0,0.0,40.0,0.0,0.0,Review long-tail stockout risk before promo,Need basket attachment evidence,Long-tail SKU with potential basket role
47021,0.0,SKINCARE,1.0,1.0,2.0,0.0,0.0,70.0,0.0,0.0,Protect long-tail basket SKU; verify 2-unit minimum SOH,Need basket attachment evidence,Long-tail SKU with potential basket role
492817,0.0,SKINCARE,2.0,2.0,0.0,0.0,0.0,40.0,0.0,0.0,Review long-tail stockout risk before promo,Need basket attachment evidence,Long-tail SKU with potential basket role
49608,0.0,SUNCARE,1.0,1.0,2.0,0.0,0.0,70.0,0.0,0.0,Protect long-tail basket SKU; verify 2-unit minimum SOH,Need basket attachment evidence,Long-tail SKU with potential basket role
5226,0.0,HAIRCARE,1.0,1.0,2.0,0.0,0.0,70.0,0.0,0.0,Protect long-tail basket SKU; verify 2-unit minimum SOH,Need basket attachment evidence,Long-tail SKU with potential basket role
55242,0.0,HAIRCARE,2.0,2.0,0.0,0.0,0.0,40.0,0.0,0.0,Review long-tail stockout risk before promo,Need basket attachment evidence,Long-tail SKU with potential basket role
55243,0.0,HAIRCARE,2.0,2.0,2.0,0.0,0.0,40.0,0.0,0.0,Review long-tail stockout risk before promo,Need basket attachment evidence,Long-tail SKU with potential basket role
55584,0.0,HAIRCARE,1.0,1.0,2.0,0.0,0.0,70.0,0.0,0.0,Protect long-tail basket SKU; verify 2-unit minimum SOH,Need basket attachment evidence,Long-tail SKU with potential basket role
59330,0.0,SKINCARE,1.0,1.0,2.0,0.0,0.0,70.0,0.0,0.0,Protect long-tail basket SKU; verify 2-unit minimum SOH,Need basket attachment evidence,Long-tail SKU with potential basket role
62818,0.0,VITAMIN SUPPLEMENT,1.0,1.0,0.0,0.0,0.0,70.0,0.0,0.0,Review long-tail stockout risk before promo,Need basket attachment evidence,Long-tail SKU with potential basket role
64520,0.0,HAIRCARE,1.0,1.0,2.0,0.0,0.0,70.0,0.0,0.0,Protect long-tail basket SKU; verify 2-unit minimum SOH,Need basket attachment evidence,Long-tail SKU with potential basket role
65610,0.0,SKINCARE,1.0,1.0,0.0,0.0,0.0,70.0,0.0,0.0,Review long-tail stockout risk before promo,Need basket attachment evidence,Long-tail SKU with potential basket role
65843,0.0,SKINCARE,1.0,1.0,0.0,0.0,0.0,70.0,0.0,0.0,Review long-tail stockout risk before promo,Need basket attachment evidence,Long-tail SKU with potential basket role
665877,0.0,SKINCARE,1.0,1.0,0.0,0.0,0.0,70.0,0.0,0.0,Review long-tail stockout risk before promo,Need basket attachment evidence,Long-tail SKU with potential basket role
67048,0.0,SUNCARE,1.0,1.0,0.0,0.0,0.0,70.0,0.0,0.0,Review long-tail stockout risk before promo,Need basket attachment evidence,Long-tail SKU with potential basket role
67377,0.0,TANNING,2.0,2.0,2.0,0.0,0.0,40.0,0.0,0.0,Review long-tail stockout risk before promo,Need basket attachment evidence,Long-tail SKU with potential basket role
68443,0.0,SKINCARE,1.0,1.0,0.0,0.0,0.0,70.0,0.0,0.0,Review long-tail stockout risk before promo,Need basket attachment evidence,Long-tail SKU with potential basket role
68445,0.0,SKINCARE,2.0,2.0,2.0,0.0,0.0,40.0,0.0,0.0,Review long-tail stockout risk before promo,Need basket attachment evidence,Long-tail SKU with potential basket role
713775,0.0,HAIR REMOVAL,1.0,1.0,2.0,0.0,0.0,70.0,0.0,0.0,Protect long-tail basket SKU; verify 2-unit minimum SOH,Need basket attachment evidence,Long-tail SKU with potential basket role
74311,0.0,HAIRCARE,1.0,1.0,0.0,0.0,0.0,70.0,0.0,0.0,Review long-tail stockout risk before promo,Need basket attachment evidence,Long-tail SKU with potential basket role
75006,0.0,SKINCARE,4.0,4.0,0.0,0.0,0.0,40.0,0.0,0.0,Review long-tail stockout risk before promo,Need basket attachment evidence,Long-tail SKU with potential basket role
757101,0.0,DIGESTIVE CARE,1.0,1.0,0.0,0.0,0.0,70.0,0.0,0.0,Review long-tail stockout risk before promo,Need basket attachment evidence,Long-tail SKU with potential basket role
7682,0.0,SKINCARE,1.0,1.0,0.0,0.0,0.0,70.0,0.0,0.0,Review long-tail stockout risk before promo,Need basket attachment evidence,Long-tail SKU with potential basket role
87470,0.0,SKINCARE,1.0,1.0,2.0,0.0,0.0,70.0,0.0,0.0,Protect long-tail basket SKU; verify 2-unit minimum SOH,Need basket attachment evidence,Long-tail SKU with potential basket role
87750,0.0,SKINCARE,1.0,1.0,0.0,0.0,0.0,70.0,0.0,0.0,Review long-tail stockout risk before promo,Need basket attachment evidence,Long-tail SKU with potential basket role
89304,0.0,FRAGRANCE,1.0,1.0,0.0,0.0,0.0,70.0,0.0,0.0,Review long-tail stockout risk before promo,Need basket attachment evidence,Long-tail SKU with potential basket role
90348,0.0,SKINCARE,1.0,1.0,0.0,0.0,0.0,90.0,0.0,0.0,Review long-tail stockout risk before promo,Need basket attachment evidence,Long-tail SKU with potential basket role
90849,0.0,SKINCARE,1.0,1.0,0.0,0.0,0.0,70.0,0.0,0.0,Review long-tail stockout risk before promo,Need basket attachment evidence,Long-tail SKU with potential basket role
90850,0.0,SKINCARE,1.0,1.0,2.0,0.0,0.0,70.0,0.0,0.0,Protect long-tail basket SKU; verify 2-unit minimum SOH,Need basket attachment evidence,Long-tail SKU with potential basket role
90851,0.0,SKINCARE,1.0,1.0,2.0,0.0,0.0,70.0,0.0,0.0,Protect long-tail basket SKU; verify 2-unit minimum SOH,Need basket attachment evidence,Long-tail SKU with potential basket role
90865,0.0,SKINCARE,1.0,1.0,2.0,0.0,0.0,70.0,0.0,0.0,Protect long-tail basket SKU; verify 2-unit minimum SOH,Need basket attachment evidence,Long-tail SKU with potential basket role
90866,0.0,SKINCARE,2.0,2.0,0.0,0.0,0.0,60.0,0.0,0.0,Review long-tail stockout risk before promo,Need basket attachment evidence,Long-tail SKU with potential basket role
92437,0.0,SUNCARE,1.0,1.0,0.0,0.0,0.0,70.0,0.0,0.0,Review long-tail stockout risk before promo,Need basket attachment evidence,Long-tail SKU with potential basket role
92900,0.0,HAIRCARE,1.0,1.0,0.0,0.0,0.0,90.0,0.0,0.0,Review long-tail stockout risk before promo,Need basket attachment evidence,Long-tail SKU with potential basket role
92901,0.0,HAIRCARE,1.0,1.0,0.0,0.0,0.0,70.0,0.0,0.0,Review long-tail stockout risk before promo,Need basket attachment evidence,Long-tail SKU with potential basket role
93458,0.0,SUNCARE,1.0,1.0,0.0,0.0,0.0,70.0,0.0,0.0,Review long-tail stockout risk before promo,Need basket attachment evidence,Long-tail SKU with potential basket role
93758,0.0,SUNCARE,1.0,1.0,2.0,0.0,0.0,70.0,0.0,0.0,Protect long-tail basket SKU; verify 2-unit minimum SOH,Need basket attachment evidence,Long-tail SKU with potential basket role
94213,0.0,SKINCARE,1.0,1.0,0.0,0.0,0.0,70.0,0.0,0.0,Review long-tail stockout risk before promo,Need basket attachment evidence,Long-tail SKU with potential basket role
94283,0.0,SKINCARE,1.0,1.0,0.0,0.0,0.0,70.0,0.0,0.0,Review long-tail stockout risk before promo,Need basket attachment evidence,Long-tail SKU with potential basket role
94802,0.0,COLOUR COSMETICS,2.0,2.0,0.0,0.0,0.0,60.0,0.0,0.0,Review long-tail stockout risk before promo,Need basket attachment evidence,Long-tail SKU with potential basket role
94803,0.0,COLOUR COSMETICS,2.0,2.0,0.0,0.0,0.0,40.0,0.0,0.0,Review long-tail stockout risk before promo,Need basket attachment evidence,Long-tail SKU with potential basket role
94874,0.0,SKINCARE,2.0,2.0,0.0,0.0,0.0,40.0,0.0,0.0,Review long-tail stockout risk before promo,Need basket attachment evidence,Long-tail SKU with potential basket role
95025,0.0,SKINCARE,1.0,1.0,0.0,0.0,0.0,70.0,0.0,0.0,Review long-tail stockout risk before promo,Need basket attachment evidence,Long-tail SKU with potential basket role
95218,0.0,DIGESTIVE CARE,1.0,1.0,0.0,0.0,0.0,70.0,0.0,0.0,Review long-tail stockout risk before promo,Need basket attachment evidence,Long-tail SKU with potential basket role
95495,0.0,DEODORANTS,1.0,1.0,0.0,0.0,0.0,70.0,0.0,0.0,Review long-tail stockout risk before promo,Need basket attachment evidence,Long-tail SKU with potential basket role
96298,0.0,SKINCARE,1.0,1.0,0.0,0.0,0.0,70.0,0.0,0.0,Review long-tail stockout risk before promo,Need basket attachment evidence,Long-tail SKU with potential basket role
97053,0.0,ORAL HEALTH,1.0,1.0,0.0,0.0,0.0,70.0,0.0,0.0,Review long-tail stockout risk before promo,Need basket attachment evidence,Long-tail SKU with potential basket role
187157,0.0,VITAMIN SUPPLEMENT,1.0,1.0,0.0,0.0,0.0,70.0,0.0,0.0,Review long-tail stockout risk before promo,Need basket attachment evidence,Long-tail SKU with potential basket role
188990,0.0,SKINCARE,1.0,1.0,0.0,0.0,0.0,70.0,0.0,0.0,Review long-tail stockout risk before promo,Need basket attachment evidence,Long-tail SKU with potential basket role
190138,0.0,HAIRCARE,1.0,1.0,0.0,0.0,0.0,70.0,0.0,0.0,Review long-tail stockout risk before promo,Need basket attachment evidence,Long-tail SKU with potential basket role
193744,0.0,VITAMIN SUPPLEMENT,1.0,1.0,0.0,0.0,0.0,70.0,0.0,0.0,Review long-tail stockout risk before promo,Need basket attachment evidence,Long-tail SKU with potential basket role
195142,0.0,SKINCARE,1.0,1.0,0.0,0.0,0.0,70.0,0.0,0.0,Review long-tail stockout risk before promo,Need basket attachment evidence,Long-tail SKU with potential basket role
196026,0.0,HAIRCARE,1.0,1.0,0.0,0.0,0.0,70.0,0.0,0.0,Review long-tail stockout risk before promo,Need basket attachment evidence,Long-tail SKU with potential basket role
198289,0.0,SKINCARE,1.0,1.0,0.0,0.0,0.0,70.0,0.0,0.0,Review long-tail stockout risk before promo,Need basket attachment evidence,Long-tail SKU with potential basket role
250058,0.0,HAIRCARE,1.0,1.0,0.0,0.0,0.0,70.0,0.0,0.0,Review long-tail stockout risk before promo,Need basket attachment evidence,Long-tail SKU with potential basket role
289124,0.0,MENS GROOMING,1.0,1.0,2.0,0.0,0.0,70.0,0.0,0.0,Protect long-tail basket SKU; verify 2-unit minimum SOH,Need basket attachment evidence,Long-tail SKU with potential basket role
304565,0.0,VITAMIN SUPPLEMENT,1.0,1.0,2.0,0.0,0.0,70.0,0.0,0.0,Protect long-tail basket SKU; verify 2-unit minimum SOH,Need basket attachment evidence,Long-tail SKU with potential basket role
43531,0.0,HAIRCARE,1.0,1.0,0.0,0.0,0.0,70.0,0.0,0.0,Review long-tail stockout risk before promo,Need basket attachment evidence,Long-tail SKU with potential basket role
48513,0.0,HAIRCARE,3.0,3.0,0.0,0.0,0.0,40.0,0.0,0.0,Review long-tail stockout risk before promo,Need basket attachment evidence,Long-tail SKU with potential basket role
49418,0.0,TANNING,1.0,1.0,0.0,0.0,0.0,70.0,0.0,0.0,Review long-tail stockout risk before promo,Need basket attachment evidence,Long-tail SKU with potential basket role
672211,0.0,SKINCARE,8.0,8.0,0.0,0.0,0.0,60.0,0.0,0.0,Review long-tail stockout risk before promo,Need basket attachment evidence,Long-tail SKU with potential basket role
67282,0.0,NUTRITION WELLBEIN,1.0,1.0,2.0,0.0,0.0,70.0,0.0,0.0,Protect long-tail basket SKU; verify 2-unit minimum SOH,Need basket attachment evidence,Long-tail SKU with potential basket role
72654,0.0,VITAMIN SUPPLEMENT,2.0,2.0,0.0,0.0,0.0,40.0,0.0,0.0,Review long-tail stockout risk before promo,Need basket attachment evidence,Long-tail SKU with potential basket role
73220,0.0,SKINCARE,1.0,1.0,0.0,0.0,0.0,70.0,0.0,0.0,Review long-tail stockout risk before promo,Need basket attachment evidence,Long-tail SKU with potential basket role
740527,0.0,ACHE PAIN SUPPORT,1.0,1.0,0.0,0.0,0.0,70.0,0.0,0.0,Review long-tail stockout risk before promo,Need basket attachment evidence,Long-tail SKU with potential basket role
90152,0.0,COLOUR COSMETICS,3.0,3.0,0.0,0.0,0.0,40.0,0.0,0.0,Review long-tail stockout risk before promo,Need basket attachment evidence,Long-tail SKU with potential basket role
91270,0.0,HAIRCARE,1.0,1.0,0.0,0.0,0.0,70.0,0.0,0.0,Review long-tail stockout risk before promo,Need basket attachment evidence,Long-tail SKU with potential basket role
93915,0.0,HAIR ACC BRUSHES,1.0,1.0,2.0,0.0,0.0,70.0,0.0,0.0,Protect long-tail basket SKU; verify 2-unit minimum SOH,Need basket attachment evidence,Long-tail SKU with potential basket role
94895,0.0,COLOUR COSMETICS,2.0,2.0,0.0,0.0,0.0,40.0,0.0,0.0,Review long-tail stockout risk before promo,Need basket attachment evidence,Long-tail SKU with potential basket role
95218,0.0,DIGESTIVE CARE,1.0,1.0,0.0,0.0,0.0,70.0,0.0,0.0,Review long-tail stockout risk before promo,Need basket attachment evidence,Long-tail SKU with potential basket role
96594,0.0,COLOUR COSMETICS,6.0,6.0,0.0,0.0,0.0,40.0,0.0,0.0,Review long-tail stockout risk before promo,Need basket attachment evidence,Long-tail SKU with potential basket role
97218,0.0,VITAMIN SUPPLEMENT,1.0,1.0,0.0,0.0,0.0,70.0,0.0,0.0,Review long-tail stockout risk before promo,Need basket attachment evidence,Long-tail SKU with potential basket role
